project,project_id,province,coast,tier,calc_group,capacity_mtpa,capacity_basis,first_export_year,first_export_year_is_placeholder,first_export_year_note,life_years,life_basis,life_source,lifetime_mtco2e,share_of_full_buildout_pct,emitting_years,canada_territorial_mtco2e_per_year,international_bunkers_mtco2e_per_year,foreign_territorial_mtco2e_per_year,fid_confirmed,gem_status_verbatim,gem_status_date,gem_wiki_url,register_status,feedgas_basin,route_distance_nm,gem_disagrees_with_register
"Kino Aski LNG (formerly Marinvest Energy, Baie-Comeau)",marinvest_baie_comeau,Quebec,Atlantic,early_proposed,proposed,15.0,"Proponent press release, 17 August 2026: up to 15 mtpa. Replaces the earlier 10 mtpa figure, which was a company statement to journalists rather than a filed or released capacity.",2030,True,placeholder: assumed_first_export_year_if_missing=2030,40,parameters default,Parameters:lifecycle_years_default,1513.9537831578943,21.12360657233969,35,7.90820014285714,1.161003518796992,34.18661871428571,False,not available,not available,not available,proposed,not available,2980.0,False
LNG Canada Terminal,lng_canada_phase_1,British Columbia,Pacific,operating,operating,14.0,nameplate,2025,False,Asset Register:first_export_year,32,licence end,Asset Register:authorised_export_end_year=2056 (hard stop; cuts 8y from Asset Register:authorised_export_term_years),1302.9548,18.179620066956225,32,7.389528125,1.3833749999999998,31.944434375,True,operating,2026-08-28,https://www.gem.wiki/LNG_Canada_Terminal,operating,Western Canada Sedimentary Basin (northeast British Columbia),3800.0,False
Kanata LNG,kanata_lng,British Columbia,Pacific,early_proposed,proposed,12.0,Up to 12 mtpa as stated by the proponent. No filed project description or environmental assessment.,2030,True,placeholder: assumed_first_export_year_if_missing=2030,40,parameters default,Parameters:lifecycle_years_default,1220.1082079999999,17.023693885631946,35,6.326560114285713,1.1843794285714286,27.349294971428566,False,not available,not available,not available,proposed,not available,3800.0,False
Ksi Lisims FLNG Terminal,ksi_lisims_lng,British Columbia,Pacific,advanced_proposed,proposed,12.0,"nameplate, up to two floating liquefaction structures",2029,False,Asset Register:first_export_year,35,licence end,Asset Register:authorised_export_end_year=2063 (hard stop; cuts 5y from Asset Register:authorised_export_term_years),1042.3073279999996,14.542907563673213,30,6.3053887999999985,1.1804159999999997,27.257772799999987,False,proposed,2026-08-28,https://www.gem.wiki/Ksi_Lisims_FLNG_Terminal,proposed,Western Canada Sedimentary Basin (northeast British Columbia),3800.0,False
LNG Canada Terminal,lng_canada_phase_2,British Columbia,Pacific,advanced_proposed,proposed,14.0,nameplate,2030,False,Asset Register:first_export_year,27,licence end,Asset Register:authorised_export_end_year=2056 (hard stop; cuts 13y from Asset Register:authorised_export_term_years),884.1302399999997,12.335924356629116,22,7.293414545454544,1.3653818181818176,31.528941818181806,False,proposed,2026-08-28,https://www.gem.wiki/LNG_Canada_Terminal,proposed,Western Canada Sedimentary Basin (northeast British Columbia),3800.0,False
Fermeuse Energy FLNG Terminal,fermeuse_energy_flng,Newfoundland and Labrador,Atlantic,early_proposed,proposed,4.5,"Derived, not published, and conditional on the proponent's own resource claim. The proponent has not stated a liquefaction capacity. Fermeuse Energy states the project would develop 9.7 trillion cubic feet of offshore associated gas in the Jeanne d'Arc Basin, which is 275 billion cubic metres. DERIVATION: 275 bcm / 1.38 bcm per mtpa (lng_to_gas_bcm_per_mtpa, the gas-equivalent of LNG OUTPUT) / 40 years = 4.98 mtpa of output if every molecule became LNG. It does not: liquefaction burns part of the throughput as fuel. Using the model's own factors so the derivation is internally consistent, the liquefaction stage emits 0.29 tCO2e per t LNG and burning gas releases 2.75 tCO2 per t (combustion central), so fuel is 0.29 / 2.75 = 0.1055 t per t LNG and feedgas per tonne of LNG is 1.1055 t. Output is therefore 4.98 / 1.1055 = 4.51, recorded as 4.5 mtpa. That treats the whole liquefaction factor as fuel combustion; the small non-combustion part (flaring, venting) makes the fuel share slightly high and the capacity slightly low, inside the rounding. WHAT PUSHES THIS FIGURE UP, and why it is not a lower bound: it assumes (a) 100 per cent recovery of a resource stated by the proponent, not a regulator or an independent estimate; (b) a flat 40-year production profile, whereas associated gas follows the oil decline and would front-load output; and (c) no reservation of gas for platform fuel, reinjection or domestic supply. Each choice raises the capacity, so the figure is closer to an upper bound on the proponent's claim than to a conservative one. Two other approaches give higher figures and were not used: the same resource over a 25-year life gives about 8 mtpa net of fuel, and benchmarking the stated US$12 to 15 billion capital cost against Ksi Lisims and Cedar gives 9 to 12 mtpa. An unsourced third-party table circulates a figure of 10 mtpa. HISTORY: 5.0 mtpa until 3 September 2026, from the same resource without netting the fuel share, and described as 'the lowest defensible derivation', which it was not.",2030,True,placeholder: assumed_first_export_year_if_missing=2030,40,parameters default,Parameters:lifecycle_years_default,452.09983500000004,6.3079726423614995,35,2.372460042857143,0.28869248571428574,10.255985614285716,False,proposed,2026-08-28,https://www.gem.wiki/Fermeuse_Energy_FLNG_Terminal,proposed,Jeanne d'Arc Basin (offshore Newfoundland),2470.0,False
Cedar FLNG Terminal,cedar_lng,British Columbia,Pacific,under_construction,under_construction,3.3,"nameplate design capacity, confirmed by the proponent's own FID announcement. NRCan and CER both cite 3.0 mtpa, which appears to be a rounded or licenced figure rather than nameplate.",2028,False,Asset Register:first_export_year,39,licence end,Asset Register:authorised_export_end_year=2066 (hard stop; cuts 1y from Asset Register:authorised_export_term_years),374.6459508000002,5.2272888093797105,39,1.7433868692307704,0.3263750769230771,7.536544484615388,True,construction,2026-08-28,https://www.gem.wiki/Cedar_FLNG_Terminal,construction,Western Canada Sedimentary Basin (northeast British Columbia),3800.0,False
Summit Lake PG LNG,summit_lake_pg_lng,British Columbia,Pacific,early_proposed,proposed,2.7,"nameplate, up to 2.7 mtpa",2030,True,placeholder: assumed_first_export_year_if_missing=2030,30,proponent,Asset Register:project_life_years,194.51395080000003,2.7139772793857593,25,1.4120435160000002,0.26434512,6.1041693960000005,False,not available,not available,not available,proposed,Western Canada Sedimentary Basin (northeast British Columbia),3800.0,False
Woodfibre LNG Terminal,woodfibre_lng,British Columbia,Pacific,under_construction,under_construction,2.1,"nameplate design capacity 2.1 mtpa. Woodfibre applied in Oct 2016 for a 40 year licence to export up to 2.9 mtpa, so the licenced volume exceeds nameplate.",2028,False,Asset Register:first_export_year,30,licence end,Asset Register:authorised_export_end_year=2057 (hard stop; cuts 10y from Asset Register:authorised_export_term_years),182.4037824,2.5450088236428132,30,1.10344304,0.2065728,4.77011024,True,construction,2026-08-28,https://www.gem.wiki/Woodfibre_LNG_Terminal,construction,Western Canada Sedimentary Basin (northeast British Columbia),3800.0,False
