year,discount_rate_pct,sc_ch4_cad2021,source
2020,1.5,2948,ECCC Social Cost of Greenhouse Gas Estimates interim guidance Table 1 / A.1.1 / A.1.2. CAD 2021 per tCH4. https://www.canada.ca/en/environment-climate-change/services/climate-change/science-research-data/social-cost-ghg.html
2020,2.0,2107,ECCC Social Cost of Greenhouse Gas Estimates interim guidance Table 1 / A.1.1 / A.1.2. CAD 2021 per tCH4. https://www.canada.ca/en/environment-climate-change/services/climate-change/science-research-data/social-cost-ghg.html
2020,2.5,1607,ECCC Social Cost of Greenhouse Gas Estimates interim guidance Table 1 / A.1.1 / A.1.2. CAD 2021 per tCH4. https://www.canada.ca/en/environment-climate-change/services/climate-change/science-research-data/social-cost-ghg.html
2021,1.5,3057,ECCC Social Cost of Greenhouse Gas Estimates interim guidance Table 1 / A.1.1 / A.1.2. CAD 2021 per tCH4. https://www.canada.ca/en/environment-climate-change/services/climate-change/science-research-data/social-cost-ghg.html
2021,2.0,2203,ECCC Social Cost of Greenhouse Gas Estimates interim guidance Table 1 / A.1.1 / A.1.2. CAD 2021 per tCH4. https://www.canada.ca/en/environment-climate-change/services/climate-change/science-research-data/social-cost-ghg.html
2021,2.5,1693,ECCC Social Cost of Greenhouse Gas Estimates interim guidance Table 1 / A.1.1 / A.1.2. CAD 2021 per tCH4. https://www.canada.ca/en/environment-climate-change/services/climate-change/science-research-data/social-cost-ghg.html
2022,1.5,3169,ECCC Social Cost of Greenhouse Gas Estimates interim guidance Table 1 / A.1.1 / A.1.2. CAD 2021 per tCH4. https://www.canada.ca/en/environment-climate-change/services/climate-change/science-research-data/social-cost-ghg.html
2022,2.0,2300,ECCC Social Cost of Greenhouse Gas Estimates interim guidance Table 1 / A.1.1 / A.1.2. CAD 2021 per tCH4. https://www.canada.ca/en/environment-climate-change/services/climate-change/science-research-data/social-cost-ghg.html
2022,2.5,1777,ECCC Social Cost of Greenhouse Gas Estimates interim guidance Table 1 / A.1.1 / A.1.2. CAD 2021 per tCH4. https://www.canada.ca/en/environment-climate-change/services/climate-change/science-research-data/social-cost-ghg.html
2023,1.5,3279,ECCC Social Cost of Greenhouse Gas Estimates interim guidance Table 1 / A.1.1 / A.1.2. CAD 2021 per tCH4. https://www.canada.ca/en/environment-climate-change/services/climate-change/science-research-data/social-cost-ghg.html
2023,2.0,2396,ECCC Social Cost of Greenhouse Gas Estimates interim guidance Table 1 / A.1.1 / A.1.2. CAD 2021 per tCH4. https://www.canada.ca/en/environment-climate-change/services/climate-change/science-research-data/social-cost-ghg.html
2023,2.5,1863,ECCC Social Cost of Greenhouse Gas Estimates interim guidance Table 1 / A.1.1 / A.1.2. CAD 2021 per tCH4. https://www.canada.ca/en/environment-climate-change/services/climate-change/science-research-data/social-cost-ghg.html
2024,1.5,3389,ECCC Social Cost of Greenhouse Gas Estimates interim guidance Table 1 / A.1.1 / A.1.2. CAD 2021 per tCH4. https://www.canada.ca/en/environment-climate-change/services/climate-change/science-research-data/social-cost-ghg.html
2024,2.0,2494,ECCC Social Cost of Greenhouse Gas Estimates interim guidance Table 1 / A.1.1 / A.1.2. CAD 2021 per tCH4. https://www.canada.ca/en/environment-climate-change/services/climate-change/science-research-data/social-cost-ghg.html
2024,2.5,1949,ECCC Social Cost of Greenhouse Gas Estimates interim guidance Table 1 / A.1.1 / A.1.2. CAD 2021 per tCH4. https://www.canada.ca/en/environment-climate-change/services/climate-change/science-research-data/social-cost-ghg.html
2025,1.5,3500,ECCC Social Cost of Greenhouse Gas Estimates interim guidance Table 1 / A.1.1 / A.1.2. CAD 2021 per tCH4. https://www.canada.ca/en/environment-climate-change/services/climate-change/science-research-data/social-cost-ghg.html
2025,2.0,2589,ECCC Social Cost of Greenhouse Gas Estimates interim guidance Table 1 / A.1.1 / A.1.2. CAD 2021 per tCH4. https://www.canada.ca/en/environment-climate-change/services/climate-change/science-research-data/social-cost-ghg.html
2025,2.5,2033,ECCC Social Cost of Greenhouse Gas Estimates interim guidance Table 1 / A.1.1 / A.1.2. CAD 2021 per tCH4. https://www.canada.ca/en/environment-climate-change/services/climate-change/science-research-data/social-cost-ghg.html
2026,1.5,3610,ECCC Social Cost of Greenhouse Gas Estimates interim guidance Table 1 / A.1.1 / A.1.2. CAD 2021 per tCH4. https://www.canada.ca/en/environment-climate-change/services/climate-change/science-research-data/social-cost-ghg.html
2026,2.0,2687,ECCC Social Cost of Greenhouse Gas Estimates interim guidance Table 1 / A.1.1 / A.1.2. CAD 2021 per tCH4. https://www.canada.ca/en/environment-climate-change/services/climate-change/science-research-data/social-cost-ghg.html
2026,2.5,2119,ECCC Social Cost of Greenhouse Gas Estimates interim guidance Table 1 / A.1.1 / A.1.2. CAD 2021 per tCH4. https://www.canada.ca/en/environment-climate-change/services/climate-change/science-research-data/social-cost-ghg.html
2027,1.5,3721,ECCC Social Cost of Greenhouse Gas Estimates interim guidance Table 1 / A.1.1 / A.1.2. CAD 2021 per tCH4. https://www.canada.ca/en/environment-climate-change/services/climate-change/science-research-data/social-cost-ghg.html
2027,2.0,2783,ECCC Social Cost of Greenhouse Gas Estimates interim guidance Table 1 / A.1.1 / A.1.2. CAD 2021 per tCH4. https://www.canada.ca/en/environment-climate-change/services/climate-change/science-research-data/social-cost-ghg.html
2027,2.5,2205,ECCC Social Cost of Greenhouse Gas Estimates interim guidance Table 1 / A.1.1 / A.1.2. CAD 2021 per tCH4. https://www.canada.ca/en/environment-climate-change/services/climate-change/science-research-data/social-cost-ghg.html
2028,1.5,3831,ECCC Social Cost of Greenhouse Gas Estimates interim guidance Table 1 / A.1.1 / A.1.2. CAD 2021 per tCH4. https://www.canada.ca/en/environment-climate-change/services/climate-change/science-research-data/social-cost-ghg.html
2028,2.0,2880,ECCC Social Cost of Greenhouse Gas Estimates interim guidance Table 1 / A.1.1 / A.1.2. CAD 2021 per tCH4. https://www.canada.ca/en/environment-climate-change/services/climate-change/science-research-data/social-cost-ghg.html
2028,2.5,2290,ECCC Social Cost of Greenhouse Gas Estimates interim guidance Table 1 / A.1.1 / A.1.2. CAD 2021 per tCH4. https://www.canada.ca/en/environment-climate-change/services/climate-change/science-research-data/social-cost-ghg.html
2029,1.5,3942,ECCC Social Cost of Greenhouse Gas Estimates interim guidance Table 1 / A.1.1 / A.1.2. CAD 2021 per tCH4. https://www.canada.ca/en/environment-climate-change/services/climate-change/science-research-data/social-cost-ghg.html
2029,2.0,2976,ECCC Social Cost of Greenhouse Gas Estimates interim guidance Table 1 / A.1.1 / A.1.2. CAD 2021 per tCH4. https://www.canada.ca/en/environment-climate-change/services/climate-change/science-research-data/social-cost-ghg.html
2029,2.5,2375,ECCC Social Cost of Greenhouse Gas Estimates interim guidance Table 1 / A.1.1 / A.1.2. CAD 2021 per tCH4. https://www.canada.ca/en/environment-climate-change/services/climate-change/science-research-data/social-cost-ghg.html
2030,1.5,4052,ECCC Social Cost of Greenhouse Gas Estimates interim guidance Table 1 / A.1.1 / A.1.2. CAD 2021 per tCH4. https://www.canada.ca/en/environment-climate-change/services/climate-change/science-research-data/social-cost-ghg.html
2030,2.0,3073,ECCC Social Cost of Greenhouse Gas Estimates interim guidance Table 1 / A.1.1 / A.1.2. CAD 2021 per tCH4. https://www.canada.ca/en/environment-climate-change/services/climate-change/science-research-data/social-cost-ghg.html
2030,2.5,2460,ECCC Social Cost of Greenhouse Gas Estimates interim guidance Table 1 / A.1.1 / A.1.2. CAD 2021 per tCH4. https://www.canada.ca/en/environment-climate-change/services/climate-change/science-research-data/social-cost-ghg.html
2031,1.5,4182,ECCC Social Cost of Greenhouse Gas Estimates interim guidance Table 1 / A.1.1 / A.1.2. CAD 2021 per tCH4. https://www.canada.ca/en/environment-climate-change/services/climate-change/science-research-data/social-cost-ghg.html
2031,2.0,3184,ECCC Social Cost of Greenhouse Gas Estimates interim guidance Table 1 / A.1.1 / A.1.2. CAD 2021 per tCH4. https://www.canada.ca/en/environment-climate-change/services/climate-change/science-research-data/social-cost-ghg.html
2031,2.5,2560,ECCC Social Cost of Greenhouse Gas Estimates interim guidance Table 1 / A.1.1 / A.1.2. CAD 2021 per tCH4. https://www.canada.ca/en/environment-climate-change/services/climate-change/science-research-data/social-cost-ghg.html
2032,1.5,4311,ECCC Social Cost of Greenhouse Gas Estimates interim guidance Table 1 / A.1.1 / A.1.2. CAD 2021 per tCH4. https://www.canada.ca/en/environment-climate-change/services/climate-change/science-research-data/social-cost-ghg.html
2032,2.0,3297,ECCC Social Cost of Greenhouse Gas Estimates interim guidance Table 1 / A.1.1 / A.1.2. CAD 2021 per tCH4. https://www.canada.ca/en/environment-climate-change/services/climate-change/science-research-data/social-cost-ghg.html
2032,2.5,2660,ECCC Social Cost of Greenhouse Gas Estimates interim guidance Table 1 / A.1.1 / A.1.2. CAD 2021 per tCH4. https://www.canada.ca/en/environment-climate-change/services/climate-change/science-research-data/social-cost-ghg.html
2033,1.5,4439,ECCC Social Cost of Greenhouse Gas Estimates interim guidance Table 1 / A.1.1 / A.1.2. CAD 2021 per tCH4. https://www.canada.ca/en/environment-climate-change/services/climate-change/science-research-data/social-cost-ghg.html
2033,2.0,3409,ECCC Social Cost of Greenhouse Gas Estimates interim guidance Table 1 / A.1.1 / A.1.2. CAD 2021 per tCH4. https://www.canada.ca/en/environment-climate-change/services/climate-change/science-research-data/social-cost-ghg.html
2033,2.5,2758,ECCC Social Cost of Greenhouse Gas Estimates interim guidance Table 1 / A.1.1 / A.1.2. CAD 2021 per tCH4. https://www.canada.ca/en/environment-climate-change/services/climate-change/science-research-data/social-cost-ghg.html
2034,1.5,4568,ECCC Social Cost of Greenhouse Gas Estimates interim guidance Table 1 / A.1.1 / A.1.2. CAD 2021 per tCH4. https://www.canada.ca/en/environment-climate-change/services/climate-change/science-research-data/social-cost-ghg.html
2034,2.0,3522,ECCC Social Cost of Greenhouse Gas Estimates interim guidance Table 1 / A.1.1 / A.1.2. CAD 2021 per tCH4. https://www.canada.ca/en/environment-climate-change/services/climate-change/science-research-data/social-cost-ghg.html
2034,2.5,2858,ECCC Social Cost of Greenhouse Gas Estimates interim guidance Table 1 / A.1.1 / A.1.2. CAD 2021 per tCH4. https://www.canada.ca/en/environment-climate-change/services/climate-change/science-research-data/social-cost-ghg.html
2035,1.5,4697,ECCC Social Cost of Greenhouse Gas Estimates interim guidance Table 1 / A.1.1 / A.1.2. CAD 2021 per tCH4. https://www.canada.ca/en/environment-climate-change/services/climate-change/science-research-data/social-cost-ghg.html
2035,2.0,3634,ECCC Social Cost of Greenhouse Gas Estimates interim guidance Table 1 / A.1.1 / A.1.2. CAD 2021 per tCH4. https://www.canada.ca/en/environment-climate-change/services/climate-change/science-research-data/social-cost-ghg.html
2035,2.5,2958,ECCC Social Cost of Greenhouse Gas Estimates interim guidance Table 1 / A.1.1 / A.1.2. CAD 2021 per tCH4. https://www.canada.ca/en/environment-climate-change/services/climate-change/science-research-data/social-cost-ghg.html
2036,1.5,4826,ECCC Social Cost of Greenhouse Gas Estimates interim guidance Table 1 / A.1.1 / A.1.2. CAD 2021 per tCH4. https://www.canada.ca/en/environment-climate-change/services/climate-change/science-research-data/social-cost-ghg.html
2036,2.0,3745,ECCC Social Cost of Greenhouse Gas Estimates interim guidance Table 1 / A.1.1 / A.1.2. CAD 2021 per tCH4. https://www.canada.ca/en/environment-climate-change/services/climate-change/science-research-data/social-cost-ghg.html
2036,2.5,3057,ECCC Social Cost of Greenhouse Gas Estimates interim guidance Table 1 / A.1.1 / A.1.2. CAD 2021 per tCH4. https://www.canada.ca/en/environment-climate-change/services/climate-change/science-research-data/social-cost-ghg.html
2037,1.5,4955,ECCC Social Cost of Greenhouse Gas Estimates interim guidance Table 1 / A.1.1 / A.1.2. CAD 2021 per tCH4. https://www.canada.ca/en/environment-climate-change/services/climate-change/science-research-data/social-cost-ghg.html
2037,2.0,3858,ECCC Social Cost of Greenhouse Gas Estimates interim guidance Table 1 / A.1.1 / A.1.2. CAD 2021 per tCH4. https://www.canada.ca/en/environment-climate-change/services/climate-change/science-research-data/social-cost-ghg.html
2037,2.5,3156,ECCC Social Cost of Greenhouse Gas Estimates interim guidance Table 1 / A.1.1 / A.1.2. CAD 2021 per tCH4. https://www.canada.ca/en/environment-climate-change/services/climate-change/science-research-data/social-cost-ghg.html
2038,1.5,5083,ECCC Social Cost of Greenhouse Gas Estimates interim guidance Table 1 / A.1.1 / A.1.2. CAD 2021 per tCH4. https://www.canada.ca/en/environment-climate-change/services/climate-change/science-research-data/social-cost-ghg.html
2038,2.0,3971,ECCC Social Cost of Greenhouse Gas Estimates interim guidance Table 1 / A.1.1 / A.1.2. CAD 2021 per tCH4. https://www.canada.ca/en/environment-climate-change/services/climate-change/science-research-data/social-cost-ghg.html
2038,2.5,3256,ECCC Social Cost of Greenhouse Gas Estimates interim guidance Table 1 / A.1.1 / A.1.2. CAD 2021 per tCH4. https://www.canada.ca/en/environment-climate-change/services/climate-change/science-research-data/social-cost-ghg.html
2039,1.5,5212,ECCC Social Cost of Greenhouse Gas Estimates interim guidance Table 1 / A.1.1 / A.1.2. CAD 2021 per tCH4. https://www.canada.ca/en/environment-climate-change/services/climate-change/science-research-data/social-cost-ghg.html
2039,2.0,4083,ECCC Social Cost of Greenhouse Gas Estimates interim guidance Table 1 / A.1.1 / A.1.2. CAD 2021 per tCH4. https://www.canada.ca/en/environment-climate-change/services/climate-change/science-research-data/social-cost-ghg.html
2039,2.5,3355,ECCC Social Cost of Greenhouse Gas Estimates interim guidance Table 1 / A.1.1 / A.1.2. CAD 2021 per tCH4. https://www.canada.ca/en/environment-climate-change/services/climate-change/science-research-data/social-cost-ghg.html
2040,1.5,5341,ECCC Social Cost of Greenhouse Gas Estimates interim guidance Table 1 / A.1.1 / A.1.2. CAD 2021 per tCH4. https://www.canada.ca/en/environment-climate-change/services/climate-change/science-research-data/social-cost-ghg.html
2040,2.0,4194,ECCC Social Cost of Greenhouse Gas Estimates interim guidance Table 1 / A.1.1 / A.1.2. CAD 2021 per tCH4. https://www.canada.ca/en/environment-climate-change/services/climate-change/science-research-data/social-cost-ghg.html
2040,2.5,3455,ECCC Social Cost of Greenhouse Gas Estimates interim guidance Table 1 / A.1.1 / A.1.2. CAD 2021 per tCH4. https://www.canada.ca/en/environment-climate-change/services/climate-change/science-research-data/social-cost-ghg.html
2041,1.5,5479,ECCC Social Cost of Greenhouse Gas Estimates interim guidance Table 1 / A.1.1 / A.1.2. CAD 2021 per tCH4. https://www.canada.ca/en/environment-climate-change/services/climate-change/science-research-data/social-cost-ghg.html
2041,2.0,4316,ECCC Social Cost of Greenhouse Gas Estimates interim guidance Table 1 / A.1.1 / A.1.2. CAD 2021 per tCH4. https://www.canada.ca/en/environment-climate-change/services/climate-change/science-research-data/social-cost-ghg.html
2041,2.5,3563,ECCC Social Cost of Greenhouse Gas Estimates interim guidance Table 1 / A.1.1 / A.1.2. CAD 2021 per tCH4. https://www.canada.ca/en/environment-climate-change/services/climate-change/science-research-data/social-cost-ghg.html
2042,1.5,5619,ECCC Social Cost of Greenhouse Gas Estimates interim guidance Table 1 / A.1.1 / A.1.2. CAD 2021 per tCH4. https://www.canada.ca/en/environment-climate-change/services/climate-change/science-research-data/social-cost-ghg.html
2042,2.0,4439,ECCC Social Cost of Greenhouse Gas Estimates interim guidance Table 1 / A.1.1 / A.1.2. CAD 2021 per tCH4. https://www.canada.ca/en/environment-climate-change/services/climate-change/science-research-data/social-cost-ghg.html
2042,2.5,3671,ECCC Social Cost of Greenhouse Gas Estimates interim guidance Table 1 / A.1.1 / A.1.2. CAD 2021 per tCH4. https://www.canada.ca/en/environment-climate-change/services/climate-change/science-research-data/social-cost-ghg.html
2043,1.5,5757,ECCC Social Cost of Greenhouse Gas Estimates interim guidance Table 1 / A.1.1 / A.1.2. CAD 2021 per tCH4. https://www.canada.ca/en/environment-climate-change/services/climate-change/science-research-data/social-cost-ghg.html
2043,2.0,4560,ECCC Social Cost of Greenhouse Gas Estimates interim guidance Table 1 / A.1.1 / A.1.2. CAD 2021 per tCH4. https://www.canada.ca/en/environment-climate-change/services/climate-change/science-research-data/social-cost-ghg.html
2043,2.5,3779,ECCC Social Cost of Greenhouse Gas Estimates interim guidance Table 1 / A.1.1 / A.1.2. CAD 2021 per tCH4. https://www.canada.ca/en/environment-climate-change/services/climate-change/science-research-data/social-cost-ghg.html
2044,1.5,5895,ECCC Social Cost of Greenhouse Gas Estimates interim guidance Table 1 / A.1.1 / A.1.2. CAD 2021 per tCH4. https://www.canada.ca/en/environment-climate-change/services/climate-change/science-research-data/social-cost-ghg.html
2044,2.0,4682,ECCC Social Cost of Greenhouse Gas Estimates interim guidance Table 1 / A.1.1 / A.1.2. CAD 2021 per tCH4. https://www.canada.ca/en/environment-climate-change/services/climate-change/science-research-data/social-cost-ghg.html
2044,2.5,3887,ECCC Social Cost of Greenhouse Gas Estimates interim guidance Table 1 / A.1.1 / A.1.2. CAD 2021 per tCH4. https://www.canada.ca/en/environment-climate-change/services/climate-change/science-research-data/social-cost-ghg.html
2045,1.5,6033,ECCC Social Cost of Greenhouse Gas Estimates interim guidance Table 1 / A.1.1 / A.1.2. CAD 2021 per tCH4. https://www.canada.ca/en/environment-climate-change/services/climate-change/science-research-data/social-cost-ghg.html
2045,2.0,4803,ECCC Social Cost of Greenhouse Gas Estimates interim guidance Table 1 / A.1.1 / A.1.2. CAD 2021 per tCH4. https://www.canada.ca/en/environment-climate-change/services/climate-change/science-research-data/social-cost-ghg.html
2045,2.5,3995,ECCC Social Cost of Greenhouse Gas Estimates interim guidance Table 1 / A.1.1 / A.1.2. CAD 2021 per tCH4. https://www.canada.ca/en/environment-climate-change/services/climate-change/science-research-data/social-cost-ghg.html
2046,1.5,6173,ECCC Social Cost of Greenhouse Gas Estimates interim guidance Table 1 / A.1.1 / A.1.2. CAD 2021 per tCH4. https://www.canada.ca/en/environment-climate-change/services/climate-change/science-research-data/social-cost-ghg.html
2046,2.0,4924,ECCC Social Cost of Greenhouse Gas Estimates interim guidance Table 1 / A.1.1 / A.1.2. CAD 2021 per tCH4. https://www.canada.ca/en/environment-climate-change/services/climate-change/science-research-data/social-cost-ghg.html
2046,2.5,4104,ECCC Social Cost of Greenhouse Gas Estimates interim guidance Table 1 / A.1.1 / A.1.2. CAD 2021 per tCH4. https://www.canada.ca/en/environment-climate-change/services/climate-change/science-research-data/social-cost-ghg.html
2047,1.5,6311,ECCC Social Cost of Greenhouse Gas Estimates interim guidance Table 1 / A.1.1 / A.1.2. CAD 2021 per tCH4. https://www.canada.ca/en/environment-climate-change/services/climate-change/science-research-data/social-cost-ghg.html
2047,2.0,5046,ECCC Social Cost of Greenhouse Gas Estimates interim guidance Table 1 / A.1.1 / A.1.2. CAD 2021 per tCH4. https://www.canada.ca/en/environment-climate-change/services/climate-change/science-research-data/social-cost-ghg.html
2047,2.5,4211,ECCC Social Cost of Greenhouse Gas Estimates interim guidance Table 1 / A.1.1 / A.1.2. CAD 2021 per tCH4. https://www.canada.ca/en/environment-climate-change/services/climate-change/science-research-data/social-cost-ghg.html
2048,1.5,6449,ECCC Social Cost of Greenhouse Gas Estimates interim guidance Table 1 / A.1.1 / A.1.2. CAD 2021 per tCH4. https://www.canada.ca/en/environment-climate-change/services/climate-change/science-research-data/social-cost-ghg.html
2048,2.0,5167,ECCC Social Cost of Greenhouse Gas Estimates interim guidance Table 1 / A.1.1 / A.1.2. CAD 2021 per tCH4. https://www.canada.ca/en/environment-climate-change/services/climate-change/science-research-data/social-cost-ghg.html
2048,2.5,4320,ECCC Social Cost of Greenhouse Gas Estimates interim guidance Table 1 / A.1.1 / A.1.2. CAD 2021 per tCH4. https://www.canada.ca/en/environment-climate-change/services/climate-change/science-research-data/social-cost-ghg.html
2049,1.5,6587,ECCC Social Cost of Greenhouse Gas Estimates interim guidance Table 1 / A.1.1 / A.1.2. CAD 2021 per tCH4. https://www.canada.ca/en/environment-climate-change/services/climate-change/science-research-data/social-cost-ghg.html
2049,2.0,5289,ECCC Social Cost of Greenhouse Gas Estimates interim guidance Table 1 / A.1.1 / A.1.2. CAD 2021 per tCH4. https://www.canada.ca/en/environment-climate-change/services/climate-change/science-research-data/social-cost-ghg.html
2049,2.5,4427,ECCC Social Cost of Greenhouse Gas Estimates interim guidance Table 1 / A.1.1 / A.1.2. CAD 2021 per tCH4. https://www.canada.ca/en/environment-climate-change/services/climate-change/science-research-data/social-cost-ghg.html
2050,1.5,6726,ECCC Social Cost of Greenhouse Gas Estimates interim guidance Table 1 / A.1.1 / A.1.2. CAD 2021 per tCH4. https://www.canada.ca/en/environment-climate-change/services/climate-change/science-research-data/social-cost-ghg.html
2050,2.0,5410,ECCC Social Cost of Greenhouse Gas Estimates interim guidance Table 1 / A.1.1 / A.1.2. CAD 2021 per tCH4. https://www.canada.ca/en/environment-climate-change/services/climate-change/science-research-data/social-cost-ghg.html
2050,2.5,4536,ECCC Social Cost of Greenhouse Gas Estimates interim guidance Table 1 / A.1.1 / A.1.2. CAD 2021 per tCH4. https://www.canada.ca/en/environment-climate-change/services/climate-change/science-research-data/social-cost-ghg.html
2051,1.5,6858,ECCC Social Cost of Greenhouse Gas Estimates interim guidance Table 1 / A.1.1 / A.1.2. CAD 2021 per tCH4. https://www.canada.ca/en/environment-climate-change/services/climate-change/science-research-data/social-cost-ghg.html
2051,2.0,5524,ECCC Social Cost of Greenhouse Gas Estimates interim guidance Table 1 / A.1.1 / A.1.2. CAD 2021 per tCH4. https://www.canada.ca/en/environment-climate-change/services/climate-change/science-research-data/social-cost-ghg.html
2051,2.5,4634,ECCC Social Cost of Greenhouse Gas Estimates interim guidance Table 1 / A.1.1 / A.1.2. CAD 2021 per tCH4. https://www.canada.ca/en/environment-climate-change/services/climate-change/science-research-data/social-cost-ghg.html
2052,1.5,6990,ECCC Social Cost of Greenhouse Gas Estimates interim guidance Table 1 / A.1.1 / A.1.2. CAD 2021 per tCH4. https://www.canada.ca/en/environment-climate-change/services/climate-change/science-research-data/social-cost-ghg.html
2052,2.0,5638,ECCC Social Cost of Greenhouse Gas Estimates interim guidance Table 1 / A.1.1 / A.1.2. CAD 2021 per tCH4. https://www.canada.ca/en/environment-climate-change/services/climate-change/science-research-data/social-cost-ghg.html
2052,2.5,4733,ECCC Social Cost of Greenhouse Gas Estimates interim guidance Table 1 / A.1.1 / A.1.2. CAD 2021 per tCH4. https://www.canada.ca/en/environment-climate-change/services/climate-change/science-research-data/social-cost-ghg.html
2053,1.5,7121,ECCC Social Cost of Greenhouse Gas Estimates interim guidance Table 1 / A.1.1 / A.1.2. CAD 2021 per tCH4. https://www.canada.ca/en/environment-climate-change/services/climate-change/science-research-data/social-cost-ghg.html
2053,2.0,5751,ECCC Social Cost of Greenhouse Gas Estimates interim guidance Table 1 / A.1.1 / A.1.2. CAD 2021 per tCH4. https://www.canada.ca/en/environment-climate-change/services/climate-change/science-research-data/social-cost-ghg.html
2053,2.5,4832,ECCC Social Cost of Greenhouse Gas Estimates interim guidance Table 1 / A.1.1 / A.1.2. CAD 2021 per tCH4. https://www.canada.ca/en/environment-climate-change/services/climate-change/science-research-data/social-cost-ghg.html
2054,1.5,7253,ECCC Social Cost of Greenhouse Gas Estimates interim guidance Table 1 / A.1.1 / A.1.2. CAD 2021 per tCH4. https://www.canada.ca/en/environment-climate-change/services/climate-change/science-research-data/social-cost-ghg.html
2054,2.0,5864,ECCC Social Cost of Greenhouse Gas Estimates interim guidance Table 1 / A.1.1 / A.1.2. CAD 2021 per tCH4. https://www.canada.ca/en/environment-climate-change/services/climate-change/science-research-data/social-cost-ghg.html
2054,2.5,4931,ECCC Social Cost of Greenhouse Gas Estimates interim guidance Table 1 / A.1.1 / A.1.2. CAD 2021 per tCH4. https://www.canada.ca/en/environment-climate-change/services/climate-change/science-research-data/social-cost-ghg.html
2055,1.5,7384,ECCC Social Cost of Greenhouse Gas Estimates interim guidance Table 1 / A.1.1 / A.1.2. CAD 2021 per tCH4. https://www.canada.ca/en/environment-climate-change/services/climate-change/science-research-data/social-cost-ghg.html
2055,2.0,5978,ECCC Social Cost of Greenhouse Gas Estimates interim guidance Table 1 / A.1.1 / A.1.2. CAD 2021 per tCH4. https://www.canada.ca/en/environment-climate-change/services/climate-change/science-research-data/social-cost-ghg.html
2055,2.5,5029,ECCC Social Cost of Greenhouse Gas Estimates interim guidance Table 1 / A.1.1 / A.1.2. CAD 2021 per tCH4. https://www.canada.ca/en/environment-climate-change/services/climate-change/science-research-data/social-cost-ghg.html
2056,1.5,7515,ECCC Social Cost of Greenhouse Gas Estimates interim guidance Table 1 / A.1.1 / A.1.2. CAD 2021 per tCH4. https://www.canada.ca/en/environment-climate-change/services/climate-change/science-research-data/social-cost-ghg.html
2056,2.0,6091,ECCC Social Cost of Greenhouse Gas Estimates interim guidance Table 1 / A.1.1 / A.1.2. CAD 2021 per tCH4. https://www.canada.ca/en/environment-climate-change/services/climate-change/science-research-data/social-cost-ghg.html
2056,2.5,5129,ECCC Social Cost of Greenhouse Gas Estimates interim guidance Table 1 / A.1.1 / A.1.2. CAD 2021 per tCH4. https://www.canada.ca/en/environment-climate-change/services/climate-change/science-research-data/social-cost-ghg.html
2057,1.5,7647,ECCC Social Cost of Greenhouse Gas Estimates interim guidance Table 1 / A.1.1 / A.1.2. CAD 2021 per tCH4. https://www.canada.ca/en/environment-climate-change/services/climate-change/science-research-data/social-cost-ghg.html
2057,2.0,6204,ECCC Social Cost of Greenhouse Gas Estimates interim guidance Table 1 / A.1.1 / A.1.2. CAD 2021 per tCH4. https://www.canada.ca/en/environment-climate-change/services/climate-change/science-research-data/social-cost-ghg.html
2057,2.5,5228,ECCC Social Cost of Greenhouse Gas Estimates interim guidance Table 1 / A.1.1 / A.1.2. CAD 2021 per tCH4. https://www.canada.ca/en/environment-climate-change/services/climate-change/science-research-data/social-cost-ghg.html
2058,1.5,7779,ECCC Social Cost of Greenhouse Gas Estimates interim guidance Table 1 / A.1.1 / A.1.2. CAD 2021 per tCH4. https://www.canada.ca/en/environment-climate-change/services/climate-change/science-research-data/social-cost-ghg.html
2058,2.0,6318,ECCC Social Cost of Greenhouse Gas Estimates interim guidance Table 1 / A.1.1 / A.1.2. CAD 2021 per tCH4. https://www.canada.ca/en/environment-climate-change/services/climate-change/science-research-data/social-cost-ghg.html
2058,2.5,5326,ECCC Social Cost of Greenhouse Gas Estimates interim guidance Table 1 / A.1.1 / A.1.2. CAD 2021 per tCH4. https://www.canada.ca/en/environment-climate-change/services/climate-change/science-research-data/social-cost-ghg.html
2059,1.5,7910,ECCC Social Cost of Greenhouse Gas Estimates interim guidance Table 1 / A.1.1 / A.1.2. CAD 2021 per tCH4. https://www.canada.ca/en/environment-climate-change/services/climate-change/science-research-data/social-cost-ghg.html
2059,2.0,6431,ECCC Social Cost of Greenhouse Gas Estimates interim guidance Table 1 / A.1.1 / A.1.2. CAD 2021 per tCH4. https://www.canada.ca/en/environment-climate-change/services/climate-change/science-research-data/social-cost-ghg.html
2059,2.5,5426,ECCC Social Cost of Greenhouse Gas Estimates interim guidance Table 1 / A.1.1 / A.1.2. CAD 2021 per tCH4. https://www.canada.ca/en/environment-climate-change/services/climate-change/science-research-data/social-cost-ghg.html
2060,1.5,8042,ECCC Social Cost of Greenhouse Gas Estimates interim guidance Table 1 / A.1.1 / A.1.2. CAD 2021 per tCH4. https://www.canada.ca/en/environment-climate-change/services/climate-change/science-research-data/social-cost-ghg.html
2060,2.0,6545,ECCC Social Cost of Greenhouse Gas Estimates interim guidance Table 1 / A.1.1 / A.1.2. CAD 2021 per tCH4. https://www.canada.ca/en/environment-climate-change/services/climate-change/science-research-data/social-cost-ghg.html
2060,2.5,5524,ECCC Social Cost of Greenhouse Gas Estimates interim guidance Table 1 / A.1.1 / A.1.2. CAD 2021 per tCH4. https://www.canada.ca/en/environment-climate-change/services/climate-change/science-research-data/social-cost-ghg.html
2061,1.5,8165,ECCC Social Cost of Greenhouse Gas Estimates interim guidance Table 1 / A.1.1 / A.1.2. CAD 2021 per tCH4. https://www.canada.ca/en/environment-climate-change/services/climate-change/science-research-data/social-cost-ghg.html
2061,2.0,6648,ECCC Social Cost of Greenhouse Gas Estimates interim guidance Table 1 / A.1.1 / A.1.2. CAD 2021 per tCH4. https://www.canada.ca/en/environment-climate-change/services/climate-change/science-research-data/social-cost-ghg.html
2061,2.5,5612,ECCC Social Cost of Greenhouse Gas Estimates interim guidance Table 1 / A.1.1 / A.1.2. CAD 2021 per tCH4. https://www.canada.ca/en/environment-climate-change/services/climate-change/science-research-data/social-cost-ghg.html
2062,1.5,8286,ECCC Social Cost of Greenhouse Gas Estimates interim guidance Table 1 / A.1.1 / A.1.2. CAD 2021 per tCH4. https://www.canada.ca/en/environment-climate-change/services/climate-change/science-research-data/social-cost-ghg.html
2062,2.0,6752,ECCC Social Cost of Greenhouse Gas Estimates interim guidance Table 1 / A.1.1 / A.1.2. CAD 2021 per tCH4. https://www.canada.ca/en/environment-climate-change/services/climate-change/science-research-data/social-cost-ghg.html
2062,2.5,5701,ECCC Social Cost of Greenhouse Gas Estimates interim guidance Table 1 / A.1.1 / A.1.2. CAD 2021 per tCH4. https://www.canada.ca/en/environment-climate-change/services/climate-change/science-research-data/social-cost-ghg.html
2063,1.5,8409,ECCC Social Cost of Greenhouse Gas Estimates interim guidance Table 1 / A.1.1 / A.1.2. CAD 2021 per tCH4. https://www.canada.ca/en/environment-climate-change/services/climate-change/science-research-data/social-cost-ghg.html
2063,2.0,6855,ECCC Social Cost of Greenhouse Gas Estimates interim guidance Table 1 / A.1.1 / A.1.2. CAD 2021 per tCH4. https://www.canada.ca/en/environment-climate-change/services/climate-change/science-research-data/social-cost-ghg.html
2063,2.5,5789,ECCC Social Cost of Greenhouse Gas Estimates interim guidance Table 1 / A.1.1 / A.1.2. CAD 2021 per tCH4. https://www.canada.ca/en/environment-climate-change/services/climate-change/science-research-data/social-cost-ghg.html
2064,1.5,8531,ECCC Social Cost of Greenhouse Gas Estimates interim guidance Table 1 / A.1.1 / A.1.2. CAD 2021 per tCH4. https://www.canada.ca/en/environment-climate-change/services/climate-change/science-research-data/social-cost-ghg.html
2064,2.0,6959,ECCC Social Cost of Greenhouse Gas Estimates interim guidance Table 1 / A.1.1 / A.1.2. CAD 2021 per tCH4. https://www.canada.ca/en/environment-climate-change/services/climate-change/science-research-data/social-cost-ghg.html
2064,2.5,5877,ECCC Social Cost of Greenhouse Gas Estimates interim guidance Table 1 / A.1.1 / A.1.2. CAD 2021 per tCH4. https://www.canada.ca/en/environment-climate-change/services/climate-change/science-research-data/social-cost-ghg.html
2065,1.5,8653,ECCC Social Cost of Greenhouse Gas Estimates interim guidance Table 1 / A.1.1 / A.1.2. CAD 2021 per tCH4. https://www.canada.ca/en/environment-climate-change/services/climate-change/science-research-data/social-cost-ghg.html
2065,2.0,7063,ECCC Social Cost of Greenhouse Gas Estimates interim guidance Table 1 / A.1.1 / A.1.2. CAD 2021 per tCH4. https://www.canada.ca/en/environment-climate-change/services/climate-change/science-research-data/social-cost-ghg.html
2065,2.5,5967,ECCC Social Cost of Greenhouse Gas Estimates interim guidance Table 1 / A.1.1 / A.1.2. CAD 2021 per tCH4. https://www.canada.ca/en/environment-climate-change/services/climate-change/science-research-data/social-cost-ghg.html
2066,1.5,8775,ECCC Social Cost of Greenhouse Gas Estimates interim guidance Table 1 / A.1.1 / A.1.2. CAD 2021 per tCH4. https://www.canada.ca/en/environment-climate-change/services/climate-change/science-research-data/social-cost-ghg.html
2066,2.0,7166,ECCC Social Cost of Greenhouse Gas Estimates interim guidance Table 1 / A.1.1 / A.1.2. CAD 2021 per tCH4. https://www.canada.ca/en/environment-climate-change/services/climate-change/science-research-data/social-cost-ghg.html
2066,2.5,6055,ECCC Social Cost of Greenhouse Gas Estimates interim guidance Table 1 / A.1.1 / A.1.2. CAD 2021 per tCH4. https://www.canada.ca/en/environment-climate-change/services/climate-change/science-research-data/social-cost-ghg.html
2067,1.5,8898,ECCC Social Cost of Greenhouse Gas Estimates interim guidance Table 1 / A.1.1 / A.1.2. CAD 2021 per tCH4. https://www.canada.ca/en/environment-climate-change/services/climate-change/science-research-data/social-cost-ghg.html
2067,2.0,7270,ECCC Social Cost of Greenhouse Gas Estimates interim guidance Table 1 / A.1.1 / A.1.2. CAD 2021 per tCH4. https://www.canada.ca/en/environment-climate-change/services/climate-change/science-research-data/social-cost-ghg.html
2067,2.5,6143,ECCC Social Cost of Greenhouse Gas Estimates interim guidance Table 1 / A.1.1 / A.1.2. CAD 2021 per tCH4. https://www.canada.ca/en/environment-climate-change/services/climate-change/science-research-data/social-cost-ghg.html
2068,1.5,9019,ECCC Social Cost of Greenhouse Gas Estimates interim guidance Table 1 / A.1.1 / A.1.2. CAD 2021 per tCH4. https://www.canada.ca/en/environment-climate-change/services/climate-change/science-research-data/social-cost-ghg.html
2068,2.0,7372,ECCC Social Cost of Greenhouse Gas Estimates interim guidance Table 1 / A.1.1 / A.1.2. CAD 2021 per tCH4. https://www.canada.ca/en/environment-climate-change/services/climate-change/science-research-data/social-cost-ghg.html
2068,2.5,6231,ECCC Social Cost of Greenhouse Gas Estimates interim guidance Table 1 / A.1.1 / A.1.2. CAD 2021 per tCH4. https://www.canada.ca/en/environment-climate-change/services/climate-change/science-research-data/social-cost-ghg.html
2069,1.5,9142,ECCC Social Cost of Greenhouse Gas Estimates interim guidance Table 1 / A.1.1 / A.1.2. CAD 2021 per tCH4. https://www.canada.ca/en/environment-climate-change/services/climate-change/science-research-data/social-cost-ghg.html
2069,2.0,7476,ECCC Social Cost of Greenhouse Gas Estimates interim guidance Table 1 / A.1.1 / A.1.2. CAD 2021 per tCH4. https://www.canada.ca/en/environment-climate-change/services/climate-change/science-research-data/social-cost-ghg.html
2069,2.5,6320,ECCC Social Cost of Greenhouse Gas Estimates interim guidance Table 1 / A.1.1 / A.1.2. CAD 2021 per tCH4. https://www.canada.ca/en/environment-climate-change/services/climate-change/science-research-data/social-cost-ghg.html
2070,1.5,9263,ECCC Social Cost of Greenhouse Gas Estimates interim guidance Table 1 / A.1.1 / A.1.2. CAD 2021 per tCH4. https://www.canada.ca/en/environment-climate-change/services/climate-change/science-research-data/social-cost-ghg.html
2070,2.0,7579,ECCC Social Cost of Greenhouse Gas Estimates interim guidance Table 1 / A.1.1 / A.1.2. CAD 2021 per tCH4. https://www.canada.ca/en/environment-climate-change/services/climate-change/science-research-data/social-cost-ghg.html
2070,2.5,6408,ECCC Social Cost of Greenhouse Gas Estimates interim guidance Table 1 / A.1.1 / A.1.2. CAD 2021 per tCH4. https://www.canada.ca/en/environment-climate-change/services/climate-change/science-research-data/social-cost-ghg.html
2071,1.5,9391,ECCC Social Cost of Greenhouse Gas Estimates interim guidance Table 1 / A.1.1 / A.1.2. CAD 2021 per tCH4. https://www.canada.ca/en/environment-climate-change/services/climate-change/science-research-data/social-cost-ghg.html
2071,2.0,7689,ECCC Social Cost of Greenhouse Gas Estimates interim guidance Table 1 / A.1.1 / A.1.2. CAD 2021 per tCH4. https://www.canada.ca/en/environment-climate-change/services/climate-change/science-research-data/social-cost-ghg.html
2071,2.5,6502,ECCC Social Cost of Greenhouse Gas Estimates interim guidance Table 1 / A.1.1 / A.1.2. CAD 2021 per tCH4. https://www.canada.ca/en/environment-climate-change/services/climate-change/science-research-data/social-cost-ghg.html
2072,1.5,9519,ECCC Social Cost of Greenhouse Gas Estimates interim guidance Table 1 / A.1.1 / A.1.2. CAD 2021 per tCH4. https://www.canada.ca/en/environment-climate-change/services/climate-change/science-research-data/social-cost-ghg.html
2072,2.0,7799,ECCC Social Cost of Greenhouse Gas Estimates interim guidance Table 1 / A.1.1 / A.1.2. CAD 2021 per tCH4. https://www.canada.ca/en/environment-climate-change/services/climate-change/science-research-data/social-cost-ghg.html
2072,2.5,6598,ECCC Social Cost of Greenhouse Gas Estimates interim guidance Table 1 / A.1.1 / A.1.2. CAD 2021 per tCH4. https://www.canada.ca/en/environment-climate-change/services/climate-change/science-research-data/social-cost-ghg.html
2073,1.5,9648,ECCC Social Cost of Greenhouse Gas Estimates interim guidance Table 1 / A.1.1 / A.1.2. CAD 2021 per tCH4. https://www.canada.ca/en/environment-climate-change/services/climate-change/science-research-data/social-cost-ghg.html
2073,2.0,7908,ECCC Social Cost of Greenhouse Gas Estimates interim guidance Table 1 / A.1.1 / A.1.2. CAD 2021 per tCH4. https://www.canada.ca/en/environment-climate-change/services/climate-change/science-research-data/social-cost-ghg.html
2073,2.5,6693,ECCC Social Cost of Greenhouse Gas Estimates interim guidance Table 1 / A.1.1 / A.1.2. CAD 2021 per tCH4. https://www.canada.ca/en/environment-climate-change/services/climate-change/science-research-data/social-cost-ghg.html
2074,1.5,9776,ECCC Social Cost of Greenhouse Gas Estimates interim guidance Table 1 / A.1.1 / A.1.2. CAD 2021 per tCH4. https://www.canada.ca/en/environment-climate-change/services/climate-change/science-research-data/social-cost-ghg.html
2074,2.0,8018,ECCC Social Cost of Greenhouse Gas Estimates interim guidance Table 1 / A.1.1 / A.1.2. CAD 2021 per tCH4. https://www.canada.ca/en/environment-climate-change/services/climate-change/science-research-data/social-cost-ghg.html
2074,2.5,6789,ECCC Social Cost of Greenhouse Gas Estimates interim guidance Table 1 / A.1.1 / A.1.2. CAD 2021 per tCH4. https://www.canada.ca/en/environment-climate-change/services/climate-change/science-research-data/social-cost-ghg.html
2075,1.5,9904,ECCC Social Cost of Greenhouse Gas Estimates interim guidance Table 1 / A.1.1 / A.1.2. CAD 2021 per tCH4. https://www.canada.ca/en/environment-climate-change/services/climate-change/science-research-data/social-cost-ghg.html
2075,2.0,8126,ECCC Social Cost of Greenhouse Gas Estimates interim guidance Table 1 / A.1.1 / A.1.2. CAD 2021 per tCH4. https://www.canada.ca/en/environment-climate-change/services/climate-change/science-research-data/social-cost-ghg.html
2075,2.5,6884,ECCC Social Cost of Greenhouse Gas Estimates interim guidance Table 1 / A.1.1 / A.1.2. CAD 2021 per tCH4. https://www.canada.ca/en/environment-climate-change/services/climate-change/science-research-data/social-cost-ghg.html
2076,1.5,10032,ECCC Social Cost of Greenhouse Gas Estimates interim guidance Table 1 / A.1.1 / A.1.2. CAD 2021 per tCH4. https://www.canada.ca/en/environment-climate-change/services/climate-change/science-research-data/social-cost-ghg.html
2076,2.0,8236,ECCC Social Cost of Greenhouse Gas Estimates interim guidance Table 1 / A.1.1 / A.1.2. CAD 2021 per tCH4. https://www.canada.ca/en/environment-climate-change/services/climate-change/science-research-data/social-cost-ghg.html
2076,2.5,6979,ECCC Social Cost of Greenhouse Gas Estimates interim guidance Table 1 / A.1.1 / A.1.2. CAD 2021 per tCH4. https://www.canada.ca/en/environment-climate-change/services/climate-change/science-research-data/social-cost-ghg.html
2077,1.5,10161,ECCC Social Cost of Greenhouse Gas Estimates interim guidance Table 1 / A.1.1 / A.1.2. CAD 2021 per tCH4. https://www.canada.ca/en/environment-climate-change/services/climate-change/science-research-data/social-cost-ghg.html
2077,2.0,8346,ECCC Social Cost of Greenhouse Gas Estimates interim guidance Table 1 / A.1.1 / A.1.2. CAD 2021 per tCH4. https://www.canada.ca/en/environment-climate-change/services/climate-change/science-research-data/social-cost-ghg.html
2077,2.5,7074,ECCC Social Cost of Greenhouse Gas Estimates interim guidance Table 1 / A.1.1 / A.1.2. CAD 2021 per tCH4. https://www.canada.ca/en/environment-climate-change/services/climate-change/science-research-data/social-cost-ghg.html
2078,1.5,10289,ECCC Social Cost of Greenhouse Gas Estimates interim guidance Table 1 / A.1.1 / A.1.2. CAD 2021 per tCH4. https://www.canada.ca/en/environment-climate-change/services/climate-change/science-research-data/social-cost-ghg.html
2078,2.0,8455,ECCC Social Cost of Greenhouse Gas Estimates interim guidance Table 1 / A.1.1 / A.1.2. CAD 2021 per tCH4. https://www.canada.ca/en/environment-climate-change/services/climate-change/science-research-data/social-cost-ghg.html
2078,2.5,7170,ECCC Social Cost of Greenhouse Gas Estimates interim guidance Table 1 / A.1.1 / A.1.2. CAD 2021 per tCH4. https://www.canada.ca/en/environment-climate-change/services/climate-change/science-research-data/social-cost-ghg.html
2079,1.5,10417,ECCC Social Cost of Greenhouse Gas Estimates interim guidance Table 1 / A.1.1 / A.1.2. CAD 2021 per tCH4. https://www.canada.ca/en/environment-climate-change/services/climate-change/science-research-data/social-cost-ghg.html
2079,2.0,8565,ECCC Social Cost of Greenhouse Gas Estimates interim guidance Table 1 / A.1.1 / A.1.2. CAD 2021 per tCH4. https://www.canada.ca/en/environment-climate-change/services/climate-change/science-research-data/social-cost-ghg.html
2079,2.5,7265,ECCC Social Cost of Greenhouse Gas Estimates interim guidance Table 1 / A.1.1 / A.1.2. CAD 2021 per tCH4. https://www.canada.ca/en/environment-climate-change/services/climate-change/science-research-data/social-cost-ghg.html
2080,1.5,10545,ECCC Social Cost of Greenhouse Gas Estimates interim guidance Table 1 / A.1.1 / A.1.2. CAD 2021 per tCH4. https://www.canada.ca/en/environment-climate-change/services/climate-change/science-research-data/social-cost-ghg.html
2080,2.0,8674,ECCC Social Cost of Greenhouse Gas Estimates interim guidance Table 1 / A.1.1 / A.1.2. CAD 2021 per tCH4. https://www.canada.ca/en/environment-climate-change/services/climate-change/science-research-data/social-cost-ghg.html
2080,2.5,7360,ECCC Social Cost of Greenhouse Gas Estimates interim guidance Table 1 / A.1.1 / A.1.2. CAD 2021 per tCH4. https://www.canada.ca/en/environment-climate-change/services/climate-change/science-research-data/social-cost-ghg.html
