year,discount_rate_pct,sc_co2_cad2021,source
2020,1.5,431,ECCC Social Cost of Greenhouse Gas Estimates interim guidance (Table 1 / A.1.1 / A.1.2). CAD 2021 per tCO2. https://www.canada.ca/en/environment-climate-change/services/climate-change/science-research-data/social-cost-ghg.html
2020,2.0,247,ECCC Social Cost of Greenhouse Gas Estimates interim guidance (Table 1 / A.1.1 / A.1.2). CAD 2021 per tCO2. https://www.canada.ca/en/environment-climate-change/services/climate-change/science-research-data/social-cost-ghg.html
2020,2.5,150,ECCC Social Cost of Greenhouse Gas Estimates interim guidance (Table 1 / A.1.1 / A.1.2). CAD 2021 per tCO2. https://www.canada.ca/en/environment-climate-change/services/climate-change/science-research-data/social-cost-ghg.html
2021,1.5,436,ECCC Social Cost of Greenhouse Gas Estimates interim guidance (Table 1 / A.1.1 / A.1.2). CAD 2021 per tCO2. https://www.canada.ca/en/environment-climate-change/services/climate-change/science-research-data/social-cost-ghg.html
2021,2.0,252,ECCC Social Cost of Greenhouse Gas Estimates interim guidance (Table 1 / A.1.1 / A.1.2). CAD 2021 per tCO2. https://www.canada.ca/en/environment-climate-change/services/climate-change/science-research-data/social-cost-ghg.html
2021,2.5,152,ECCC Social Cost of Greenhouse Gas Estimates interim guidance (Table 1 / A.1.1 / A.1.2). CAD 2021 per tCO2. https://www.canada.ca/en/environment-climate-change/services/climate-change/science-research-data/social-cost-ghg.html
2022,1.5,442,ECCC Social Cost of Greenhouse Gas Estimates interim guidance (Table 1 / A.1.1 / A.1.2). CAD 2021 per tCO2. https://www.canada.ca/en/environment-climate-change/services/climate-change/science-research-data/social-cost-ghg.html
2022,2.0,256,ECCC Social Cost of Greenhouse Gas Estimates interim guidance (Table 1 / A.1.1 / A.1.2). CAD 2021 per tCO2. https://www.canada.ca/en/environment-climate-change/services/climate-change/science-research-data/social-cost-ghg.html
2022,2.5,156,ECCC Social Cost of Greenhouse Gas Estimates interim guidance (Table 1 / A.1.1 / A.1.2). CAD 2021 per tCO2. https://www.canada.ca/en/environment-climate-change/services/climate-change/science-research-data/social-cost-ghg.html
2023,1.5,449,ECCC Social Cost of Greenhouse Gas Estimates interim guidance (Table 1 / A.1.1 / A.1.2). CAD 2021 per tCO2. https://www.canada.ca/en/environment-climate-change/services/climate-change/science-research-data/social-cost-ghg.html
2023,2.0,261,ECCC Social Cost of Greenhouse Gas Estimates interim guidance (Table 1 / A.1.1 / A.1.2). CAD 2021 per tCO2. https://www.canada.ca/en/environment-climate-change/services/climate-change/science-research-data/social-cost-ghg.html
2023,2.5,160,ECCC Social Cost of Greenhouse Gas Estimates interim guidance (Table 1 / A.1.1 / A.1.2). CAD 2021 per tCO2. https://www.canada.ca/en/environment-climate-change/services/climate-change/science-research-data/social-cost-ghg.html
2024,1.5,455,ECCC Social Cost of Greenhouse Gas Estimates interim guidance (Table 1 / A.1.1 / A.1.2). CAD 2021 per tCO2. https://www.canada.ca/en/environment-climate-change/services/climate-change/science-research-data/social-cost-ghg.html
2024,2.0,266,ECCC Social Cost of Greenhouse Gas Estimates interim guidance (Table 1 / A.1.1 / A.1.2). CAD 2021 per tCO2. https://www.canada.ca/en/environment-climate-change/services/climate-change/science-research-data/social-cost-ghg.html
2024,2.5,164,ECCC Social Cost of Greenhouse Gas Estimates interim guidance (Table 1 / A.1.1 / A.1.2). CAD 2021 per tCO2. https://www.canada.ca/en/environment-climate-change/services/climate-change/science-research-data/social-cost-ghg.html
2025,1.5,460,ECCC Social Cost of Greenhouse Gas Estimates interim guidance (Table 1 / A.1.1 / A.1.2). CAD 2021 per tCO2. https://www.canada.ca/en/environment-climate-change/services/climate-change/science-research-data/social-cost-ghg.html
2025,2.0,271,ECCC Social Cost of Greenhouse Gas Estimates interim guidance (Table 1 / A.1.1 / A.1.2). CAD 2021 per tCO2. https://www.canada.ca/en/environment-climate-change/services/climate-change/science-research-data/social-cost-ghg.html
2025,2.5,166,ECCC Social Cost of Greenhouse Gas Estimates interim guidance (Table 1 / A.1.1 / A.1.2). CAD 2021 per tCO2. https://www.canada.ca/en/environment-climate-change/services/climate-change/science-research-data/social-cost-ghg.html
2026,1.5,467,ECCC Social Cost of Greenhouse Gas Estimates interim guidance (Table 1 / A.1.1 / A.1.2). CAD 2021 per tCO2. https://www.canada.ca/en/environment-climate-change/services/climate-change/science-research-data/social-cost-ghg.html
2026,2.0,275,ECCC Social Cost of Greenhouse Gas Estimates interim guidance (Table 1 / A.1.1 / A.1.2). CAD 2021 per tCO2. https://www.canada.ca/en/environment-climate-change/services/climate-change/science-research-data/social-cost-ghg.html
2026,2.5,170,ECCC Social Cost of Greenhouse Gas Estimates interim guidance (Table 1 / A.1.1 / A.1.2). CAD 2021 per tCO2. https://www.canada.ca/en/environment-climate-change/services/climate-change/science-research-data/social-cost-ghg.html
2027,1.5,473,ECCC Social Cost of Greenhouse Gas Estimates interim guidance (Table 1 / A.1.1 / A.1.2). CAD 2021 per tCO2. https://www.canada.ca/en/environment-climate-change/services/climate-change/science-research-data/social-cost-ghg.html
2027,2.0,280,ECCC Social Cost of Greenhouse Gas Estimates interim guidance (Table 1 / A.1.1 / A.1.2). CAD 2021 per tCO2. https://www.canada.ca/en/environment-climate-change/services/climate-change/science-research-data/social-cost-ghg.html
2027,2.5,174,ECCC Social Cost of Greenhouse Gas Estimates interim guidance (Table 1 / A.1.1 / A.1.2). CAD 2021 per tCO2. https://www.canada.ca/en/environment-climate-change/services/climate-change/science-research-data/social-cost-ghg.html
2028,1.5,480,ECCC Social Cost of Greenhouse Gas Estimates interim guidance (Table 1 / A.1.1 / A.1.2). CAD 2021 per tCO2. https://www.canada.ca/en/environment-climate-change/services/climate-change/science-research-data/social-cost-ghg.html
2028,2.0,285,ECCC Social Cost of Greenhouse Gas Estimates interim guidance (Table 1 / A.1.1 / A.1.2). CAD 2021 per tCO2. https://www.canada.ca/en/environment-climate-change/services/climate-change/science-research-data/social-cost-ghg.html
2028,2.5,178,ECCC Social Cost of Greenhouse Gas Estimates interim guidance (Table 1 / A.1.1 / A.1.2). CAD 2021 per tCO2. https://www.canada.ca/en/environment-climate-change/services/climate-change/science-research-data/social-cost-ghg.html
2029,1.5,486,ECCC Social Cost of Greenhouse Gas Estimates interim guidance (Table 1 / A.1.1 / A.1.2). CAD 2021 per tCO2. https://www.canada.ca/en/environment-climate-change/services/climate-change/science-research-data/social-cost-ghg.html
2029,2.0,289,ECCC Social Cost of Greenhouse Gas Estimates interim guidance (Table 1 / A.1.1 / A.1.2). CAD 2021 per tCO2. https://www.canada.ca/en/environment-climate-change/services/climate-change/science-research-data/social-cost-ghg.html
2029,2.5,180,ECCC Social Cost of Greenhouse Gas Estimates interim guidance (Table 1 / A.1.1 / A.1.2). CAD 2021 per tCO2. https://www.canada.ca/en/environment-climate-change/services/climate-change/science-research-data/social-cost-ghg.html
2030,1.5,491,ECCC Social Cost of Greenhouse Gas Estimates interim guidance (Table 1 / A.1.1 / A.1.2). CAD 2021 per tCO2. https://www.canada.ca/en/environment-climate-change/services/climate-change/science-research-data/social-cost-ghg.html
2030,2.0,294,ECCC Social Cost of Greenhouse Gas Estimates interim guidance (Table 1 / A.1.1 / A.1.2). CAD 2021 per tCO2. https://www.canada.ca/en/environment-climate-change/services/climate-change/science-research-data/social-cost-ghg.html
2030,2.5,184,ECCC Social Cost of Greenhouse Gas Estimates interim guidance (Table 1 / A.1.1 / A.1.2). CAD 2021 per tCO2. https://www.canada.ca/en/environment-climate-change/services/climate-change/science-research-data/social-cost-ghg.html
2031,1.5,497,ECCC Social Cost of Greenhouse Gas Estimates interim guidance (Table 1 / A.1.1 / A.1.2). CAD 2021 per tCO2. https://www.canada.ca/en/environment-climate-change/services/climate-change/science-research-data/social-cost-ghg.html
2031,2.0,299,ECCC Social Cost of Greenhouse Gas Estimates interim guidance (Table 1 / A.1.1 / A.1.2). CAD 2021 per tCO2. https://www.canada.ca/en/environment-climate-change/services/climate-change/science-research-data/social-cost-ghg.html
2031,2.5,188,ECCC Social Cost of Greenhouse Gas Estimates interim guidance (Table 1 / A.1.1 / A.1.2). CAD 2021 per tCO2. https://www.canada.ca/en/environment-climate-change/services/climate-change/science-research-data/social-cost-ghg.html
2032,1.5,504,ECCC Social Cost of Greenhouse Gas Estimates interim guidance (Table 1 / A.1.1 / A.1.2). CAD 2021 per tCO2. https://www.canada.ca/en/environment-climate-change/services/climate-change/science-research-data/social-cost-ghg.html
2032,2.0,303,ECCC Social Cost of Greenhouse Gas Estimates interim guidance (Table 1 / A.1.1 / A.1.2). CAD 2021 per tCO2. https://www.canada.ca/en/environment-climate-change/services/climate-change/science-research-data/social-cost-ghg.html
2032,2.5,192,ECCC Social Cost of Greenhouse Gas Estimates interim guidance (Table 1 / A.1.1 / A.1.2). CAD 2021 per tCO2. https://www.canada.ca/en/environment-climate-change/services/climate-change/science-research-data/social-cost-ghg.html
2033,1.5,509,ECCC Social Cost of Greenhouse Gas Estimates interim guidance (Table 1 / A.1.1 / A.1.2). CAD 2021 per tCO2. https://www.canada.ca/en/environment-climate-change/services/climate-change/science-research-data/social-cost-ghg.html
2033,2.0,308,ECCC Social Cost of Greenhouse Gas Estimates interim guidance (Table 1 / A.1.1 / A.1.2). CAD 2021 per tCO2. https://www.canada.ca/en/environment-climate-change/services/climate-change/science-research-data/social-cost-ghg.html
2033,2.5,196,ECCC Social Cost of Greenhouse Gas Estimates interim guidance (Table 1 / A.1.1 / A.1.2). CAD 2021 per tCO2. https://www.canada.ca/en/environment-climate-change/services/climate-change/science-research-data/social-cost-ghg.html
2034,1.5,515,ECCC Social Cost of Greenhouse Gas Estimates interim guidance (Table 1 / A.1.1 / A.1.2). CAD 2021 per tCO2. https://www.canada.ca/en/environment-climate-change/services/climate-change/science-research-data/social-cost-ghg.html
2034,2.0,313,ECCC Social Cost of Greenhouse Gas Estimates interim guidance (Table 1 / A.1.1 / A.1.2). CAD 2021 per tCO2. https://www.canada.ca/en/environment-climate-change/services/climate-change/science-research-data/social-cost-ghg.html
2034,2.5,198,ECCC Social Cost of Greenhouse Gas Estimates interim guidance (Table 1 / A.1.1 / A.1.2). CAD 2021 per tCO2. https://www.canada.ca/en/environment-climate-change/services/climate-change/science-research-data/social-cost-ghg.html
2035,1.5,522,ECCC Social Cost of Greenhouse Gas Estimates interim guidance (Table 1 / A.1.1 / A.1.2). CAD 2021 per tCO2. https://www.canada.ca/en/environment-climate-change/services/climate-change/science-research-data/social-cost-ghg.html
2035,2.0,317,ECCC Social Cost of Greenhouse Gas Estimates interim guidance (Table 1 / A.1.1 / A.1.2). CAD 2021 per tCO2. https://www.canada.ca/en/environment-climate-change/services/climate-change/science-research-data/social-cost-ghg.html
2035,2.5,202,ECCC Social Cost of Greenhouse Gas Estimates interim guidance (Table 1 / A.1.1 / A.1.2). CAD 2021 per tCO2. https://www.canada.ca/en/environment-climate-change/services/climate-change/science-research-data/social-cost-ghg.html
2036,1.5,527,ECCC Social Cost of Greenhouse Gas Estimates interim guidance (Table 1 / A.1.1 / A.1.2). CAD 2021 per tCO2. https://www.canada.ca/en/environment-climate-change/services/climate-change/science-research-data/social-cost-ghg.html
2036,2.0,322,ECCC Social Cost of Greenhouse Gas Estimates interim guidance (Table 1 / A.1.1 / A.1.2). CAD 2021 per tCO2. https://www.canada.ca/en/environment-climate-change/services/climate-change/science-research-data/social-cost-ghg.html
2036,2.5,206,ECCC Social Cost of Greenhouse Gas Estimates interim guidance (Table 1 / A.1.1 / A.1.2). CAD 2021 per tCO2. https://www.canada.ca/en/environment-climate-change/services/climate-change/science-research-data/social-cost-ghg.html
2037,1.5,533,ECCC Social Cost of Greenhouse Gas Estimates interim guidance (Table 1 / A.1.1 / A.1.2). CAD 2021 per tCO2. https://www.canada.ca/en/environment-climate-change/services/climate-change/science-research-data/social-cost-ghg.html
2037,2.0,327,ECCC Social Cost of Greenhouse Gas Estimates interim guidance (Table 1 / A.1.1 / A.1.2). CAD 2021 per tCO2. https://www.canada.ca/en/environment-climate-change/services/climate-change/science-research-data/social-cost-ghg.html
2037,2.5,210,ECCC Social Cost of Greenhouse Gas Estimates interim guidance (Table 1 / A.1.1 / A.1.2). CAD 2021 per tCO2. https://www.canada.ca/en/environment-climate-change/services/climate-change/science-research-data/social-cost-ghg.html
2038,1.5,540,ECCC Social Cost of Greenhouse Gas Estimates interim guidance (Table 1 / A.1.1 / A.1.2). CAD 2021 per tCO2. https://www.canada.ca/en/environment-climate-change/services/climate-change/science-research-data/social-cost-ghg.html
2038,2.0,331,ECCC Social Cost of Greenhouse Gas Estimates interim guidance (Table 1 / A.1.1 / A.1.2). CAD 2021 per tCO2. https://www.canada.ca/en/environment-climate-change/services/climate-change/science-research-data/social-cost-ghg.html
2038,2.5,214,ECCC Social Cost of Greenhouse Gas Estimates interim guidance (Table 1 / A.1.1 / A.1.2). CAD 2021 per tCO2. https://www.canada.ca/en/environment-climate-change/services/climate-change/science-research-data/social-cost-ghg.html
2039,1.5,545,ECCC Social Cost of Greenhouse Gas Estimates interim guidance (Table 1 / A.1.1 / A.1.2). CAD 2021 per tCO2. https://www.canada.ca/en/environment-climate-change/services/climate-change/science-research-data/social-cost-ghg.html
2039,2.0,336,ECCC Social Cost of Greenhouse Gas Estimates interim guidance (Table 1 / A.1.1 / A.1.2). CAD 2021 per tCO2. https://www.canada.ca/en/environment-climate-change/services/climate-change/science-research-data/social-cost-ghg.html
2039,2.5,217,ECCC Social Cost of Greenhouse Gas Estimates interim guidance (Table 1 / A.1.1 / A.1.2). CAD 2021 per tCO2. https://www.canada.ca/en/environment-climate-change/services/climate-change/science-research-data/social-cost-ghg.html
2040,1.5,551,ECCC Social Cost of Greenhouse Gas Estimates interim guidance (Table 1 / A.1.1 / A.1.2). CAD 2021 per tCO2. https://www.canada.ca/en/environment-climate-change/services/climate-change/science-research-data/social-cost-ghg.html
2040,2.0,341,ECCC Social Cost of Greenhouse Gas Estimates interim guidance (Table 1 / A.1.1 / A.1.2). CAD 2021 per tCO2. https://www.canada.ca/en/environment-climate-change/services/climate-change/science-research-data/social-cost-ghg.html
2040,2.5,221,ECCC Social Cost of Greenhouse Gas Estimates interim guidance (Table 1 / A.1.1 / A.1.2). CAD 2021 per tCO2. https://www.canada.ca/en/environment-climate-change/services/climate-change/science-research-data/social-cost-ghg.html
2041,1.5,558,ECCC Social Cost of Greenhouse Gas Estimates interim guidance (Table 1 / A.1.1 / A.1.2). CAD 2021 per tCO2. https://www.canada.ca/en/environment-climate-change/services/climate-change/science-research-data/social-cost-ghg.html
2041,2.0,347,ECCC Social Cost of Greenhouse Gas Estimates interim guidance (Table 1 / A.1.1 / A.1.2). CAD 2021 per tCO2. https://www.canada.ca/en/environment-climate-change/services/climate-change/science-research-data/social-cost-ghg.html
2041,2.5,225,ECCC Social Cost of Greenhouse Gas Estimates interim guidance (Table 1 / A.1.1 / A.1.2). CAD 2021 per tCO2. https://www.canada.ca/en/environment-climate-change/services/climate-change/science-research-data/social-cost-ghg.html
2042,1.5,564,ECCC Social Cost of Greenhouse Gas Estimates interim guidance (Table 1 / A.1.1 / A.1.2). CAD 2021 per tCO2. https://www.canada.ca/en/environment-climate-change/services/climate-change/science-research-data/social-cost-ghg.html
2042,2.0,352,ECCC Social Cost of Greenhouse Gas Estimates interim guidance (Table 1 / A.1.1 / A.1.2). CAD 2021 per tCO2. https://www.canada.ca/en/environment-climate-change/services/climate-change/science-research-data/social-cost-ghg.html
2042,2.5,229,ECCC Social Cost of Greenhouse Gas Estimates interim guidance (Table 1 / A.1.1 / A.1.2). CAD 2021 per tCO2. https://www.canada.ca/en/environment-climate-change/services/climate-change/science-research-data/social-cost-ghg.html
2043,1.5,570,ECCC Social Cost of Greenhouse Gas Estimates interim guidance (Table 1 / A.1.1 / A.1.2). CAD 2021 per tCO2. https://www.canada.ca/en/environment-climate-change/services/climate-change/science-research-data/social-cost-ghg.html
2043,2.0,357,ECCC Social Cost of Greenhouse Gas Estimates interim guidance (Table 1 / A.1.1 / A.1.2). CAD 2021 per tCO2. https://www.canada.ca/en/environment-climate-change/services/climate-change/science-research-data/social-cost-ghg.html
2043,2.5,233,ECCC Social Cost of Greenhouse Gas Estimates interim guidance (Table 1 / A.1.1 / A.1.2). CAD 2021 per tCO2. https://www.canada.ca/en/environment-climate-change/services/climate-change/science-research-data/social-cost-ghg.html
2044,1.5,577,ECCC Social Cost of Greenhouse Gas Estimates interim guidance (Table 1 / A.1.1 / A.1.2). CAD 2021 per tCO2. https://www.canada.ca/en/environment-climate-change/services/climate-change/science-research-data/social-cost-ghg.html
2044,2.0,362,ECCC Social Cost of Greenhouse Gas Estimates interim guidance (Table 1 / A.1.1 / A.1.2). CAD 2021 per tCO2. https://www.canada.ca/en/environment-climate-change/services/climate-change/science-research-data/social-cost-ghg.html
2044,2.5,238,ECCC Social Cost of Greenhouse Gas Estimates interim guidance (Table 1 / A.1.1 / A.1.2). CAD 2021 per tCO2. https://www.canada.ca/en/environment-climate-change/services/climate-change/science-research-data/social-cost-ghg.html
2045,1.5,583,ECCC Social Cost of Greenhouse Gas Estimates interim guidance (Table 1 / A.1.1 / A.1.2). CAD 2021 per tCO2. https://www.canada.ca/en/environment-climate-change/services/climate-change/science-research-data/social-cost-ghg.html
2045,2.0,367,ECCC Social Cost of Greenhouse Gas Estimates interim guidance (Table 1 / A.1.1 / A.1.2). CAD 2021 per tCO2. https://www.canada.ca/en/environment-climate-change/services/climate-change/science-research-data/social-cost-ghg.html
2045,2.5,242,ECCC Social Cost of Greenhouse Gas Estimates interim guidance (Table 1 / A.1.1 / A.1.2). CAD 2021 per tCO2. https://www.canada.ca/en/environment-climate-change/services/climate-change/science-research-data/social-cost-ghg.html
2046,1.5,591,ECCC Social Cost of Greenhouse Gas Estimates interim guidance (Table 1 / A.1.1 / A.1.2). CAD 2021 per tCO2. https://www.canada.ca/en/environment-climate-change/services/climate-change/science-research-data/social-cost-ghg.html
2046,2.0,372,ECCC Social Cost of Greenhouse Gas Estimates interim guidance (Table 1 / A.1.1 / A.1.2). CAD 2021 per tCO2. https://www.canada.ca/en/environment-climate-change/services/climate-change/science-research-data/social-cost-ghg.html
2046,2.5,246,ECCC Social Cost of Greenhouse Gas Estimates interim guidance (Table 1 / A.1.1 / A.1.2). CAD 2021 per tCO2. https://www.canada.ca/en/environment-climate-change/services/climate-change/science-research-data/social-cost-ghg.html
2047,1.5,597,ECCC Social Cost of Greenhouse Gas Estimates interim guidance (Table 1 / A.1.1 / A.1.2). CAD 2021 per tCO2. https://www.canada.ca/en/environment-climate-change/services/climate-change/science-research-data/social-cost-ghg.html
2047,2.0,379,ECCC Social Cost of Greenhouse Gas Estimates interim guidance (Table 1 / A.1.1 / A.1.2). CAD 2021 per tCO2. https://www.canada.ca/en/environment-climate-change/services/climate-change/science-research-data/social-cost-ghg.html
2047,2.5,249,ECCC Social Cost of Greenhouse Gas Estimates interim guidance (Table 1 / A.1.1 / A.1.2). CAD 2021 per tCO2. https://www.canada.ca/en/environment-climate-change/services/climate-change/science-research-data/social-cost-ghg.html
2048,1.5,604,ECCC Social Cost of Greenhouse Gas Estimates interim guidance (Table 1 / A.1.1 / A.1.2). CAD 2021 per tCO2. https://www.canada.ca/en/environment-climate-change/services/climate-change/science-research-data/social-cost-ghg.html
2048,2.0,384,ECCC Social Cost of Greenhouse Gas Estimates interim guidance (Table 1 / A.1.1 / A.1.2). CAD 2021 per tCO2. https://www.canada.ca/en/environment-climate-change/services/climate-change/science-research-data/social-cost-ghg.html
2048,2.5,254,ECCC Social Cost of Greenhouse Gas Estimates interim guidance (Table 1 / A.1.1 / A.1.2). CAD 2021 per tCO2. https://www.canada.ca/en/environment-climate-change/services/climate-change/science-research-data/social-cost-ghg.html
2049,1.5,610,ECCC Social Cost of Greenhouse Gas Estimates interim guidance (Table 1 / A.1.1 / A.1.2). CAD 2021 per tCO2. https://www.canada.ca/en/environment-climate-change/services/climate-change/science-research-data/social-cost-ghg.html
2049,2.0,389,ECCC Social Cost of Greenhouse Gas Estimates interim guidance (Table 1 / A.1.1 / A.1.2). CAD 2021 per tCO2. https://www.canada.ca/en/environment-climate-change/services/climate-change/science-research-data/social-cost-ghg.html
2049,2.5,258,ECCC Social Cost of Greenhouse Gas Estimates interim guidance (Table 1 / A.1.1 / A.1.2). CAD 2021 per tCO2. https://www.canada.ca/en/environment-climate-change/services/climate-change/science-research-data/social-cost-ghg.html
2050,1.5,616,ECCC Social Cost of Greenhouse Gas Estimates interim guidance (Table 1 / A.1.1 / A.1.2). CAD 2021 per tCO2. https://www.canada.ca/en/environment-climate-change/services/climate-change/science-research-data/social-cost-ghg.html
2050,2.0,394,ECCC Social Cost of Greenhouse Gas Estimates interim guidance (Table 1 / A.1.1 / A.1.2). CAD 2021 per tCO2. https://www.canada.ca/en/environment-climate-change/services/climate-change/science-research-data/social-cost-ghg.html
2050,2.5,262,ECCC Social Cost of Greenhouse Gas Estimates interim guidance (Table 1 / A.1.1 / A.1.2). CAD 2021 per tCO2. https://www.canada.ca/en/environment-climate-change/services/climate-change/science-research-data/social-cost-ghg.html
2051,1.5,623,ECCC Social Cost of Greenhouse Gas Estimates interim guidance (Table 1 / A.1.1 / A.1.2). CAD 2021 per tCO2. https://www.canada.ca/en/environment-climate-change/services/climate-change/science-research-data/social-cost-ghg.html
2051,2.0,399,ECCC Social Cost of Greenhouse Gas Estimates interim guidance (Table 1 / A.1.1 / A.1.2). CAD 2021 per tCO2. https://www.canada.ca/en/environment-climate-change/services/climate-change/science-research-data/social-cost-ghg.html
2051,2.5,266,ECCC Social Cost of Greenhouse Gas Estimates interim guidance (Table 1 / A.1.1 / A.1.2). CAD 2021 per tCO2. https://www.canada.ca/en/environment-climate-change/services/climate-change/science-research-data/social-cost-ghg.html
2052,1.5,628,ECCC Social Cost of Greenhouse Gas Estimates interim guidance (Table 1 / A.1.1 / A.1.2). CAD 2021 per tCO2. https://www.canada.ca/en/environment-climate-change/services/climate-change/science-research-data/social-cost-ghg.html
2052,2.0,403,ECCC Social Cost of Greenhouse Gas Estimates interim guidance (Table 1 / A.1.1 / A.1.2). CAD 2021 per tCO2. https://www.canada.ca/en/environment-climate-change/services/climate-change/science-research-data/social-cost-ghg.html
2052,2.5,270,ECCC Social Cost of Greenhouse Gas Estimates interim guidance (Table 1 / A.1.1 / A.1.2). CAD 2021 per tCO2. https://www.canada.ca/en/environment-climate-change/services/climate-change/science-research-data/social-cost-ghg.html
2053,1.5,634,ECCC Social Cost of Greenhouse Gas Estimates interim guidance (Table 1 / A.1.1 / A.1.2). CAD 2021 per tCO2. https://www.canada.ca/en/environment-climate-change/services/climate-change/science-research-data/social-cost-ghg.html
2053,2.0,408,ECCC Social Cost of Greenhouse Gas Estimates interim guidance (Table 1 / A.1.1 / A.1.2). CAD 2021 per tCO2. https://www.canada.ca/en/environment-climate-change/services/climate-change/science-research-data/social-cost-ghg.html
2053,2.5,274,ECCC Social Cost of Greenhouse Gas Estimates interim guidance (Table 1 / A.1.1 / A.1.2). CAD 2021 per tCO2. https://www.canada.ca/en/environment-climate-change/services/climate-change/science-research-data/social-cost-ghg.html
2054,1.5,639,ECCC Social Cost of Greenhouse Gas Estimates interim guidance (Table 1 / A.1.1 / A.1.2). CAD 2021 per tCO2. https://www.canada.ca/en/environment-climate-change/services/climate-change/science-research-data/social-cost-ghg.html
2054,2.0,413,ECCC Social Cost of Greenhouse Gas Estimates interim guidance (Table 1 / A.1.1 / A.1.2). CAD 2021 per tCO2. https://www.canada.ca/en/environment-climate-change/services/climate-change/science-research-data/social-cost-ghg.html
2054,2.5,277,ECCC Social Cost of Greenhouse Gas Estimates interim guidance (Table 1 / A.1.1 / A.1.2). CAD 2021 per tCO2. https://www.canada.ca/en/environment-climate-change/services/climate-change/science-research-data/social-cost-ghg.html
2055,1.5,646,ECCC Social Cost of Greenhouse Gas Estimates interim guidance (Table 1 / A.1.1 / A.1.2). CAD 2021 per tCO2. https://www.canada.ca/en/environment-climate-change/services/climate-change/science-research-data/social-cost-ghg.html
2055,2.0,417,ECCC Social Cost of Greenhouse Gas Estimates interim guidance (Table 1 / A.1.1 / A.1.2). CAD 2021 per tCO2. https://www.canada.ca/en/environment-climate-change/services/climate-change/science-research-data/social-cost-ghg.html
2055,2.5,281,ECCC Social Cost of Greenhouse Gas Estimates interim guidance (Table 1 / A.1.1 / A.1.2). CAD 2021 per tCO2. https://www.canada.ca/en/environment-climate-change/services/climate-change/science-research-data/social-cost-ghg.html
2056,1.5,652,ECCC Social Cost of Greenhouse Gas Estimates interim guidance (Table 1 / A.1.1 / A.1.2). CAD 2021 per tCO2. https://www.canada.ca/en/environment-climate-change/services/climate-change/science-research-data/social-cost-ghg.html
2056,2.0,422,ECCC Social Cost of Greenhouse Gas Estimates interim guidance (Table 1 / A.1.1 / A.1.2). CAD 2021 per tCO2. https://www.canada.ca/en/environment-climate-change/services/climate-change/science-research-data/social-cost-ghg.html
2056,2.5,284,ECCC Social Cost of Greenhouse Gas Estimates interim guidance (Table 1 / A.1.1 / A.1.2). CAD 2021 per tCO2. https://www.canada.ca/en/environment-climate-change/services/climate-change/science-research-data/social-cost-ghg.html
2057,1.5,657,ECCC Social Cost of Greenhouse Gas Estimates interim guidance (Table 1 / A.1.1 / A.1.2). CAD 2021 per tCO2. https://www.canada.ca/en/environment-climate-change/services/climate-change/science-research-data/social-cost-ghg.html
2057,2.0,427,ECCC Social Cost of Greenhouse Gas Estimates interim guidance (Table 1 / A.1.1 / A.1.2). CAD 2021 per tCO2. https://www.canada.ca/en/environment-climate-change/services/climate-change/science-research-data/social-cost-ghg.html
2057,2.5,288,ECCC Social Cost of Greenhouse Gas Estimates interim guidance (Table 1 / A.1.1 / A.1.2). CAD 2021 per tCO2. https://www.canada.ca/en/environment-climate-change/services/climate-change/science-research-data/social-cost-ghg.html
2058,1.5,664,ECCC Social Cost of Greenhouse Gas Estimates interim guidance (Table 1 / A.1.1 / A.1.2). CAD 2021 per tCO2. https://www.canada.ca/en/environment-climate-change/services/climate-change/science-research-data/social-cost-ghg.html
2058,2.0,432,ECCC Social Cost of Greenhouse Gas Estimates interim guidance (Table 1 / A.1.1 / A.1.2). CAD 2021 per tCO2. https://www.canada.ca/en/environment-climate-change/services/climate-change/science-research-data/social-cost-ghg.html
2058,2.5,292,ECCC Social Cost of Greenhouse Gas Estimates interim guidance (Table 1 / A.1.1 / A.1.2). CAD 2021 per tCO2. https://www.canada.ca/en/environment-climate-change/services/climate-change/science-research-data/social-cost-ghg.html
2059,1.5,669,ECCC Social Cost of Greenhouse Gas Estimates interim guidance (Table 1 / A.1.1 / A.1.2). CAD 2021 per tCO2. https://www.canada.ca/en/environment-climate-change/services/climate-change/science-research-data/social-cost-ghg.html
2059,2.0,436,ECCC Social Cost of Greenhouse Gas Estimates interim guidance (Table 1 / A.1.1 / A.1.2). CAD 2021 per tCO2. https://www.canada.ca/en/environment-climate-change/services/climate-change/science-research-data/social-cost-ghg.html
2059,2.5,295,ECCC Social Cost of Greenhouse Gas Estimates interim guidance (Table 1 / A.1.1 / A.1.2). CAD 2021 per tCO2. https://www.canada.ca/en/environment-climate-change/services/climate-change/science-research-data/social-cost-ghg.html
2060,1.5,675,ECCC Social Cost of Greenhouse Gas Estimates interim guidance (Table 1 / A.1.1 / A.1.2). CAD 2021 per tCO2. https://www.canada.ca/en/environment-climate-change/services/climate-change/science-research-data/social-cost-ghg.html
2060,2.0,441,ECCC Social Cost of Greenhouse Gas Estimates interim guidance (Table 1 / A.1.1 / A.1.2). CAD 2021 per tCO2. https://www.canada.ca/en/environment-climate-change/services/climate-change/science-research-data/social-cost-ghg.html
2060,2.5,299,ECCC Social Cost of Greenhouse Gas Estimates interim guidance (Table 1 / A.1.1 / A.1.2). CAD 2021 per tCO2. https://www.canada.ca/en/environment-climate-change/services/climate-change/science-research-data/social-cost-ghg.html
2061,1.5,680,ECCC Social Cost of Greenhouse Gas Estimates interim guidance (Table 1 / A.1.1 / A.1.2). CAD 2021 per tCO2. https://www.canada.ca/en/environment-climate-change/services/climate-change/science-research-data/social-cost-ghg.html
2061,2.0,445,ECCC Social Cost of Greenhouse Gas Estimates interim guidance (Table 1 / A.1.1 / A.1.2). CAD 2021 per tCO2. https://www.canada.ca/en/environment-climate-change/services/climate-change/science-research-data/social-cost-ghg.html
2061,2.5,302,ECCC Social Cost of Greenhouse Gas Estimates interim guidance (Table 1 / A.1.1 / A.1.2). CAD 2021 per tCO2. https://www.canada.ca/en/environment-climate-change/services/climate-change/science-research-data/social-cost-ghg.html
2062,1.5,684,ECCC Social Cost of Greenhouse Gas Estimates interim guidance (Table 1 / A.1.1 / A.1.2). CAD 2021 per tCO2. https://www.canada.ca/en/environment-climate-change/services/climate-change/science-research-data/social-cost-ghg.html
2062,2.0,449,ECCC Social Cost of Greenhouse Gas Estimates interim guidance (Table 1 / A.1.1 / A.1.2). CAD 2021 per tCO2. https://www.canada.ca/en/environment-climate-change/services/climate-change/science-research-data/social-cost-ghg.html
2062,2.5,306,ECCC Social Cost of Greenhouse Gas Estimates interim guidance (Table 1 / A.1.1 / A.1.2). CAD 2021 per tCO2. https://www.canada.ca/en/environment-climate-change/services/climate-change/science-research-data/social-cost-ghg.html
2063,1.5,689,ECCC Social Cost of Greenhouse Gas Estimates interim guidance (Table 1 / A.1.1 / A.1.2). CAD 2021 per tCO2. https://www.canada.ca/en/environment-climate-change/services/climate-change/science-research-data/social-cost-ghg.html
2063,2.0,453,ECCC Social Cost of Greenhouse Gas Estimates interim guidance (Table 1 / A.1.1 / A.1.2). CAD 2021 per tCO2. https://www.canada.ca/en/environment-climate-change/services/climate-change/science-research-data/social-cost-ghg.html
2063,2.5,308,ECCC Social Cost of Greenhouse Gas Estimates interim guidance (Table 1 / A.1.1 / A.1.2). CAD 2021 per tCO2. https://www.canada.ca/en/environment-climate-change/services/climate-change/science-research-data/social-cost-ghg.html
2064,1.5,694,ECCC Social Cost of Greenhouse Gas Estimates interim guidance (Table 1 / A.1.1 / A.1.2). CAD 2021 per tCO2. https://www.canada.ca/en/environment-climate-change/services/climate-change/science-research-data/social-cost-ghg.html
2064,2.0,457,ECCC Social Cost of Greenhouse Gas Estimates interim guidance (Table 1 / A.1.1 / A.1.2). CAD 2021 per tCO2. https://www.canada.ca/en/environment-climate-change/services/climate-change/science-research-data/social-cost-ghg.html
2064,2.5,312,ECCC Social Cost of Greenhouse Gas Estimates interim guidance (Table 1 / A.1.1 / A.1.2). CAD 2021 per tCO2. https://www.canada.ca/en/environment-climate-change/services/climate-change/science-research-data/social-cost-ghg.html
2065,1.5,699,ECCC Social Cost of Greenhouse Gas Estimates interim guidance (Table 1 / A.1.1 / A.1.2). CAD 2021 per tCO2. https://www.canada.ca/en/environment-climate-change/services/climate-change/science-research-data/social-cost-ghg.html
2065,2.0,460,ECCC Social Cost of Greenhouse Gas Estimates interim guidance (Table 1 / A.1.1 / A.1.2). CAD 2021 per tCO2. https://www.canada.ca/en/environment-climate-change/services/climate-change/science-research-data/social-cost-ghg.html
2065,2.5,315,ECCC Social Cost of Greenhouse Gas Estimates interim guidance (Table 1 / A.1.1 / A.1.2). CAD 2021 per tCO2. https://www.canada.ca/en/environment-climate-change/services/climate-change/science-research-data/social-cost-ghg.html
2066,1.5,703,ECCC Social Cost of Greenhouse Gas Estimates interim guidance (Table 1 / A.1.1 / A.1.2). CAD 2021 per tCO2. https://www.canada.ca/en/environment-climate-change/services/climate-change/science-research-data/social-cost-ghg.html
2066,2.0,464,ECCC Social Cost of Greenhouse Gas Estimates interim guidance (Table 1 / A.1.1 / A.1.2). CAD 2021 per tCO2. https://www.canada.ca/en/environment-climate-change/services/climate-change/science-research-data/social-cost-ghg.html
2066,2.5,317,ECCC Social Cost of Greenhouse Gas Estimates interim guidance (Table 1 / A.1.1 / A.1.2). CAD 2021 per tCO2. https://www.canada.ca/en/environment-climate-change/services/climate-change/science-research-data/social-cost-ghg.html
2067,1.5,708,ECCC Social Cost of Greenhouse Gas Estimates interim guidance (Table 1 / A.1.1 / A.1.2). CAD 2021 per tCO2. https://www.canada.ca/en/environment-climate-change/services/climate-change/science-research-data/social-cost-ghg.html
2067,2.0,468,ECCC Social Cost of Greenhouse Gas Estimates interim guidance (Table 1 / A.1.1 / A.1.2). CAD 2021 per tCO2. https://www.canada.ca/en/environment-climate-change/services/climate-change/science-research-data/social-cost-ghg.html
2067,2.5,321,ECCC Social Cost of Greenhouse Gas Estimates interim guidance (Table 1 / A.1.1 / A.1.2). CAD 2021 per tCO2. https://www.canada.ca/en/environment-climate-change/services/climate-change/science-research-data/social-cost-ghg.html
2068,1.5,714,ECCC Social Cost of Greenhouse Gas Estimates interim guidance (Table 1 / A.1.1 / A.1.2). CAD 2021 per tCO2. https://www.canada.ca/en/environment-climate-change/services/climate-change/science-research-data/social-cost-ghg.html
2068,2.0,472,ECCC Social Cost of Greenhouse Gas Estimates interim guidance (Table 1 / A.1.1 / A.1.2). CAD 2021 per tCO2. https://www.canada.ca/en/environment-climate-change/services/climate-change/science-research-data/social-cost-ghg.html
2068,2.5,324,ECCC Social Cost of Greenhouse Gas Estimates interim guidance (Table 1 / A.1.1 / A.1.2). CAD 2021 per tCO2. https://www.canada.ca/en/environment-climate-change/services/climate-change/science-research-data/social-cost-ghg.html
2069,1.5,719,ECCC Social Cost of Greenhouse Gas Estimates interim guidance (Table 1 / A.1.1 / A.1.2). CAD 2021 per tCO2. https://www.canada.ca/en/environment-climate-change/services/climate-change/science-research-data/social-cost-ghg.html
2069,2.0,476,ECCC Social Cost of Greenhouse Gas Estimates interim guidance (Table 1 / A.1.1 / A.1.2). CAD 2021 per tCO2. https://www.canada.ca/en/environment-climate-change/services/climate-change/science-research-data/social-cost-ghg.html
2069,2.5,327,ECCC Social Cost of Greenhouse Gas Estimates interim guidance (Table 1 / A.1.1 / A.1.2). CAD 2021 per tCO2. https://www.canada.ca/en/environment-climate-change/services/climate-change/science-research-data/social-cost-ghg.html
2070,1.5,722,ECCC Social Cost of Greenhouse Gas Estimates interim guidance (Table 1 / A.1.1 / A.1.2). CAD 2021 per tCO2. https://www.canada.ca/en/environment-climate-change/services/climate-change/science-research-data/social-cost-ghg.html
2070,2.0,480,ECCC Social Cost of Greenhouse Gas Estimates interim guidance (Table 1 / A.1.1 / A.1.2). CAD 2021 per tCO2. https://www.canada.ca/en/environment-climate-change/services/climate-change/science-research-data/social-cost-ghg.html
2070,2.5,330,ECCC Social Cost of Greenhouse Gas Estimates interim guidance (Table 1 / A.1.1 / A.1.2). CAD 2021 per tCO2. https://www.canada.ca/en/environment-climate-change/services/climate-change/science-research-data/social-cost-ghg.html
2071,1.5,728,ECCC Social Cost of Greenhouse Gas Estimates interim guidance (Table 1 / A.1.1 / A.1.2). CAD 2021 per tCO2. https://www.canada.ca/en/environment-climate-change/services/climate-change/science-research-data/social-cost-ghg.html
2071,2.0,483,ECCC Social Cost of Greenhouse Gas Estimates interim guidance (Table 1 / A.1.1 / A.1.2). CAD 2021 per tCO2. https://www.canada.ca/en/environment-climate-change/services/climate-change/science-research-data/social-cost-ghg.html
2071,2.5,334,ECCC Social Cost of Greenhouse Gas Estimates interim guidance (Table 1 / A.1.1 / A.1.2). CAD 2021 per tCO2. https://www.canada.ca/en/environment-climate-change/services/climate-change/science-research-data/social-cost-ghg.html
2072,1.5,733,ECCC Social Cost of Greenhouse Gas Estimates interim guidance (Table 1 / A.1.1 / A.1.2). CAD 2021 per tCO2. https://www.canada.ca/en/environment-climate-change/services/climate-change/science-research-data/social-cost-ghg.html
2072,2.0,488,ECCC Social Cost of Greenhouse Gas Estimates interim guidance (Table 1 / A.1.1 / A.1.2). CAD 2021 per tCO2. https://www.canada.ca/en/environment-climate-change/services/climate-change/science-research-data/social-cost-ghg.html
2072,2.5,336,ECCC Social Cost of Greenhouse Gas Estimates interim guidance (Table 1 / A.1.1 / A.1.2). CAD 2021 per tCO2. https://www.canada.ca/en/environment-climate-change/services/climate-change/science-research-data/social-cost-ghg.html
2073,1.5,737,ECCC Social Cost of Greenhouse Gas Estimates interim guidance (Table 1 / A.1.1 / A.1.2). CAD 2021 per tCO2. https://www.canada.ca/en/environment-climate-change/services/climate-change/science-research-data/social-cost-ghg.html
2073,2.0,492,ECCC Social Cost of Greenhouse Gas Estimates interim guidance (Table 1 / A.1.1 / A.1.2). CAD 2021 per tCO2. https://www.canada.ca/en/environment-climate-change/services/climate-change/science-research-data/social-cost-ghg.html
2073,2.5,340,ECCC Social Cost of Greenhouse Gas Estimates interim guidance (Table 1 / A.1.1 / A.1.2). CAD 2021 per tCO2. https://www.canada.ca/en/environment-climate-change/services/climate-change/science-research-data/social-cost-ghg.html
2074,1.5,742,ECCC Social Cost of Greenhouse Gas Estimates interim guidance (Table 1 / A.1.1 / A.1.2). CAD 2021 per tCO2. https://www.canada.ca/en/environment-climate-change/services/climate-change/science-research-data/social-cost-ghg.html
2074,2.0,496,ECCC Social Cost of Greenhouse Gas Estimates interim guidance (Table 1 / A.1.1 / A.1.2). CAD 2021 per tCO2. https://www.canada.ca/en/environment-climate-change/services/climate-change/science-research-data/social-cost-ghg.html
2074,2.5,344,ECCC Social Cost of Greenhouse Gas Estimates interim guidance (Table 1 / A.1.1 / A.1.2). CAD 2021 per tCO2. https://www.canada.ca/en/environment-climate-change/services/climate-change/science-research-data/social-cost-ghg.html
2075,1.5,746,ECCC Social Cost of Greenhouse Gas Estimates interim guidance (Table 1 / A.1.1 / A.1.2). CAD 2021 per tCO2. https://www.canada.ca/en/environment-climate-change/services/climate-change/science-research-data/social-cost-ghg.html
2075,2.0,500,ECCC Social Cost of Greenhouse Gas Estimates interim guidance (Table 1 / A.1.1 / A.1.2). CAD 2021 per tCO2. https://www.canada.ca/en/environment-climate-change/services/climate-change/science-research-data/social-cost-ghg.html
2075,2.5,347,ECCC Social Cost of Greenhouse Gas Estimates interim guidance (Table 1 / A.1.1 / A.1.2). CAD 2021 per tCO2. https://www.canada.ca/en/environment-climate-change/services/climate-change/science-research-data/social-cost-ghg.html
2076,1.5,751,ECCC Social Cost of Greenhouse Gas Estimates interim guidance (Table 1 / A.1.1 / A.1.2). CAD 2021 per tCO2. https://www.canada.ca/en/environment-climate-change/services/climate-change/science-research-data/social-cost-ghg.html
2076,2.0,504,ECCC Social Cost of Greenhouse Gas Estimates interim guidance (Table 1 / A.1.1 / A.1.2). CAD 2021 per tCO2. https://www.canada.ca/en/environment-climate-change/services/climate-change/science-research-data/social-cost-ghg.html
2076,2.5,350,ECCC Social Cost of Greenhouse Gas Estimates interim guidance (Table 1 / A.1.1 / A.1.2). CAD 2021 per tCO2. https://www.canada.ca/en/environment-climate-change/services/climate-change/science-research-data/social-cost-ghg.html
2077,1.5,756,ECCC Social Cost of Greenhouse Gas Estimates interim guidance (Table 1 / A.1.1 / A.1.2). CAD 2021 per tCO2. https://www.canada.ca/en/environment-climate-change/services/climate-change/science-research-data/social-cost-ghg.html
2077,2.0,509,ECCC Social Cost of Greenhouse Gas Estimates interim guidance (Table 1 / A.1.1 / A.1.2). CAD 2021 per tCO2. https://www.canada.ca/en/environment-climate-change/services/climate-change/science-research-data/social-cost-ghg.html
2077,2.5,353,ECCC Social Cost of Greenhouse Gas Estimates interim guidance (Table 1 / A.1.1 / A.1.2). CAD 2021 per tCO2. https://www.canada.ca/en/environment-climate-change/services/climate-change/science-research-data/social-cost-ghg.html
2078,1.5,760,ECCC Social Cost of Greenhouse Gas Estimates interim guidance (Table 1 / A.1.1 / A.1.2). CAD 2021 per tCO2. https://www.canada.ca/en/environment-climate-change/services/climate-change/science-research-data/social-cost-ghg.html
2078,2.0,513,ECCC Social Cost of Greenhouse Gas Estimates interim guidance (Table 1 / A.1.1 / A.1.2). CAD 2021 per tCO2. https://www.canada.ca/en/environment-climate-change/services/climate-change/science-research-data/social-cost-ghg.html
2078,2.5,357,ECCC Social Cost of Greenhouse Gas Estimates interim guidance (Table 1 / A.1.1 / A.1.2). CAD 2021 per tCO2. https://www.canada.ca/en/environment-climate-change/services/climate-change/science-research-data/social-cost-ghg.html
2079,1.5,765,ECCC Social Cost of Greenhouse Gas Estimates interim guidance (Table 1 / A.1.1 / A.1.2). CAD 2021 per tCO2. https://www.canada.ca/en/environment-climate-change/services/climate-change/science-research-data/social-cost-ghg.html
2079,2.0,517,ECCC Social Cost of Greenhouse Gas Estimates interim guidance (Table 1 / A.1.1 / A.1.2). CAD 2021 per tCO2. https://www.canada.ca/en/environment-climate-change/services/climate-change/science-research-data/social-cost-ghg.html
2079,2.5,361,ECCC Social Cost of Greenhouse Gas Estimates interim guidance (Table 1 / A.1.1 / A.1.2). CAD 2021 per tCO2. https://www.canada.ca/en/environment-climate-change/services/climate-change/science-research-data/social-cost-ghg.html
2080,1.5,769,ECCC Social Cost of Greenhouse Gas Estimates interim guidance (Table 1 / A.1.1 / A.1.2). CAD 2021 per tCO2. https://www.canada.ca/en/environment-climate-change/services/climate-change/science-research-data/social-cost-ghg.html
2080,2.0,520,ECCC Social Cost of Greenhouse Gas Estimates interim guidance (Table 1 / A.1.1 / A.1.2). CAD 2021 per tCO2. https://www.canada.ca/en/environment-climate-change/services/climate-change/science-research-data/social-cost-ghg.html
2080,2.5,363,ECCC Social Cost of Greenhouse Gas Estimates interim guidance (Table 1 / A.1.1 / A.1.2). CAD 2021 per tCO2. https://www.canada.ca/en/environment-climate-change/services/climate-change/science-research-data/social-cost-ghg.html
